EmployeeID,Name,Gender,Age,Department,Position,Salary,OvertimePay,PaymentDate
101,Mrs. Ashley Fox MD,Female,47,Procurement,Web Developer,87535,1303,2024-06-15
102,Kelly Bates,Male,51,Customer Service,Data Scientist,119819,4649,2024-07-07
103,Erin Weiss,Male,54,Sales,Technical Support,103388,1897,2024-06-16
104,Jamie Phillips,Female,26,Operations,Network Administrator,114855,4073,2024-07-06
105,Megan Mclaughlin,Male,51,Operations,Data Scientist,97950,1225,2024-07-01
106,Anna Jones,Female,44,Marketing,Systems Analyst,104449,3662,2024-06-10
107,Margaret Hale,Male,53,Procurement,DevOps Engineer,68406,3681,2024-07-08
108,Angela Wall,Female,57,HR,Technical Support,93561,2371,2024-07-04
109,Daniel Lee,Female,24,Finance,Systems Analyst,106368,2077,2024-06-16
110,Jose Mercado,Female,35,Legal,Business Analyst,79417,2972,2024-07-07
111,Courtney Kent,Male,57,Customer Service,Software Engineer,58069,2708,2024-06-13
112,Fernando Lane,Male,60,Marketing,Business Analyst,53656,611,2024-07-06
113,Tammie Mcguire,Male,52,HR,Database Administrator,82984,4447,2024-06-17
114,Jillian Smith,Male,49,Marketing,Data Engineer,71815,3116,2024-07-03
115,Timothy Welch,Male,39,Legal,IT Manager,85603,3666,2024-06-08
116,Kathy Payne,Male,53,Sales,Software Engineer,113067,3122,2024-06-14
117,Chase Mayo,Male,34,HR,IT Manager,100245,856,2024-07-02
118,Brittney Sullivan,Male,45,Customer Service,DevOps Engineer,116069,4285,2024-06-15
119,Gregory Townsend,Male,50,HR,Systems Analyst,104937,1141,2024-06-27
120,Anthony Hull,Female,39,HR,UI/UX Designer,99325,4008,2024-06-12
121,Susan Miller,Male,54,Legal,Web Developer,89250,4643,2024-06-11
122,Lisa Avila,Male,60,Legal,Security Analyst,106161,4479,2024-06-09
123,Kelsey Livingston,Male,27,Procurement,Data Engineer,91801,184,2024-06-17
124,Andrew Zavala,Female,33,Customer Service,UI/UX Designer,111492,2906,2024-06-10
125,Karen Weaver,Female,27,IT,UI/UX Designer,71382,914,2024-07-08
126,Kayla Reyes,Female,34,Sales,UI/UX Designer,63260,1112,2024-07-01
127,Michele Nelson,Male,39,Procurement,Business Analyst,55080,252,2024-06-22
128,Erin Williams,Female,37,Operations,HR Manager,118829,4934,2024-06-26
129,Deborah Kelley,Male,22,Sales,HR Manager,70140,1632,2024-07-04
130,Thomas Gordon,Male,59,HR,Database Administrator,78884,4628,2024-07-06
131,Mary Pierce,Female,47,Procurement,Technical Support,65624,4663,2024-07-06
132,Mrs. Casey Ibarra,Male,30,IT,Web Developer,58037,2909,2024-06-25
133,James Rivers,Female,35,Sales,Database Administrator,109268,1493,2024-06-24
134,Andrew Zavala,Male,22,Marketing,IT Manager,82157,4642,2024-06-23
135,Scott Gonzalez,Male,56,Marketing,DevOps Engineer,93030,2494,2024-07-06
136,Jose Mercado,Female,54,Legal,Web Developer,72843,2031,2024-06-18
137,Mark Moore,Male,34,Procurement,Systems Analyst,62057,2235,2024-06-09
138,Michelle Chen,Female,41,R&D,Systems Analyst,76562,4505,2024-06-28
139,Drew Evans,Female,59,Sales,IT Manager,55485,255,2024-06-22
140,Sarah Jimenez,Male,30,IT,Network Administrator,54312,4577,2024-06-10
141,Christopher Fox,Female,26,HR,Database Administrator,81818,1568,2024-06-14
142,Candace Olson,Female,38,Customer Service,Business Analyst,112913,2706,2024-06-13
143,Fernando Lane,Female,45,HR,Database Administrator,117308,2185,2024-06-25
144,Misty Bond,Female,32,HR,Web Developer,88083,2641,2024-06-29
145,Mr. Timothy Neal,Male,56,Operations,Network Administrator,107595,2534,2024-07-08
146,Shawn Warren,Male,46,Procurement,Systems Analyst,58237,2974,2024-06-28
147,Megan Mclaughlin,Female,57,HR,HR Manager,96095,229,2024-06-15
148,Robert Villanueva,Male,34,IT,Data Scientist,89095,2829,2024-07-01
149,Elizabeth Harper,Male,53,R&D,UI/UX Designer,102711,3335,2024-07-05
150,Jamie Phillips,Male,26,HR,Project Manager,68835,1748,2024-06-11
151,Jeremy Sanders,Female,41,Customer Service,Data Scientist,119542,4343,2024-06-11
152,Mr. Eric Anderson II,Female,49,R&D,HR Manager,71708,1017,2024-06-18
153,Andrea Miller,Male,35,Sales,IT Manager,56429,3293,2024-06-19
154,William Prince PhD,Male,38,Customer Service,Database Administrator,117475,4114,2024-07-03
155,Steven Welch,Female,48,Marketing,DevOps Engineer,98054,2604,2024-06-09
156,Kathleen Day,Male,55,Procurement,UI/UX Designer,76082,1874,2024-06-26
157,Misty Love,Female,33,Finance,UI/UX Designer,84900,3046,2024-06-21
158,Joseph Davidson,Female,39,Customer Service,Systems Analyst,66189,30,2024-07-05
159,Kenneth Price,Male,36,Customer Service,Project Manager,68199,4238,2024-06-30
160,Joshua Sheppard,Male,53,Finance,HR Manager,119361,248,2024-07-03
161,Lori Jackson,Female,33,Operations,Network Administrator,71561,2610,2024-06-17
162,Melissa Shaffer,Male,53,Operations,Web Developer,115916,1739,2024-06-17
163,Katrina Malone,Male,52,Customer Service,Security Analyst,82188,1105,2024-06-21
164,Kimberly Wallace PhD,Female,33,Finance,Data Scientist,115797,778,2024-07-03
165,Rhonda Waller,Female,34,IT,Project Manager,70520,183,2024-06-10
166,Sabrina Case,Male,56,Marketing,UI/UX Designer,80381,4393,2024-06-23
167,Natalie Hunt,Male,30,Marketing,Network Administrator,82671,4631,2024-06-22
168,Carlos Tate,Male,50,Legal,Technical Support,107378,563,2024-06-23
169,Joseph Hernandez,Male,22,R&D,HR Manager,103216,3139,2024-07-06
170,Eric Clark,Female,29,Finance,Project Manager,92176,2585,2024-06-13
171,Jeffrey Marshall,Female,51,HR,IT Manager,72602,2225,2024-07-02
172,Denise Walker,Male,50,Operations,DevOps Engineer,58669,304,2024-07-07
173,Dr. Brittany Smith,Female,46,Customer Service,Systems Analyst,96662,419,2024-07-02
174,David Mcdowell,Female,41,Sales,Data Engineer,81736,990,2024-06-25
175,Daniel Robbins,Male,22,Operations,HR Manager,72079,3777,2024-07-01
176,Linda Caldwell,Female,45,Procurement,UI/UX Designer,105836,4547,2024-06-15
177,Brian Roberts MD,Female,34,Sales,Business Analyst,97688,4855,2024-06-13
178,Sherry Carter,Male,44,Operations,UI/UX Designer,73884,1151,2024-06-26
179,Jennifer Alvarez,Female,56,Legal,Data Engineer,98274,3846,2024-07-05
180,Amanda Grimes,Male,30,HR,Security Analyst,113447,2195,2024-07-03
181,Jill Lee,Male,28,Legal,Project Manager,101453,1214,2024-06-09
182,Summer Wise,Female,28,Finance,HR Manager,54910,2220,2024-06-29
183,Paula Ramirez,Male,39,Finance,Business Analyst,89601,3170,2024-06-13
184,Cassandra Johnston,Male,32,Operations,Systems Analyst,69937,247,2024-06-30
185,Kirk Frederick,Female,22,Customer Service,Technical Support,83968,3664,2024-07-02
186,Lisa Watson,Male,37,R&D,Software Engineer,79506,3530,2024-06-13
187,Adriana Smith,Female,48,Legal,Network Administrator,53199,2687,2024-07-03
188,Joshua Rice,Female,34,Sales,Database Administrator,77924,2971,2024-06-25
189,Molly Morrison,Female,26,Marketing,Business Analyst,113376,4343,2024-06-28
190,Sherry Carter,Male,51,Operations,DevOps Engineer,64410,1174,2024-06-23
191,Jenny Jackson,Male,50,HR,Web Developer,55256,468,2024-06-10
192,Tammie Mcguire,Male,22,Operations,Data Scientist,50029,1596,2024-06-11
193,Teresa Mooney,Female,37,IT,Project Manager,84330,3773,2024-06-14
194,Emily Brock,Male,27,HR,UI/UX Designer,80725,982,2024-07-07
195,Heather Marsh,Male,31,R&D,UI/UX Designer,90601,4608,2024-06-14
196,Christopher Schneider,Male,50,HR,Business Analyst,111077,3504,2024-07-05
197,Wendy Ray,Female,28,Sales,Data Scientist,117369,531,2024-07-01
198,Kelly Sweeney,Female,54,Marketing,DevOps Engineer,79867,4706,2024-06-19
199,David Houston,Female,59,IT,Database Administrator,58895,1799,2024-06-22
200,Elizabeth Bridges,Male,58,HR,IT Manager,100813,2308,2024-06-19
201,Victoria Nelson,Male,48,IT,Web Developer,114259,16,2024-06-18
202,Debra Ortiz,Female,29,R&D,Web Developer,50568,2827,2024-06-29
203,Brandi Hayes,Female,22,Procurement,Systems Analyst,87682,3388,2024-07-06
204,Karen Coleman,Female,49,Operations,Business Analyst,53759,2213,2024-06-12
205,David Brennan,Female,39,Marketing,Project Manager,118403,4794,2024-06-29
206,David Pittman,Female,22,Finance,Technical Support,105953,91,2024-06-10
207,Michele Nelson,Male,39,Sales,Network Administrator,53003,4756,2024-06-09
208,Kelly Johnson,Male,45,IT,Business Analyst,52566,4624,2024-07-04
209,Russell Wilson,Female,49,Finance,Systems Analyst,64877,3272,2024-07-07
210,Michael Wilson,Male,48,R&D,HR Manager,86805,3597,2024-06-23
211,Dr. Sharon Williams,Female,22,R&D,Data Scientist,77063,4622,2024-06-30
212,Robert Parrish,Female,32,HR,Security Analyst,80305,2082,2024-06-18
213,Sergio Hart,Male,30,Operations,Database Administrator,81531,106,2024-07-08
214,Kevin Mosley,Female,31,HR,HR Manager,86531,4696,2024-06-25
215,Donna Frank,Male,37,Customer Service,UI/UX Designer,55532,3612,2024-06-29
216,Laura Leon,Female,22,Sales,Business Analyst,108849,1115,2024-07-05
217,Melissa Fitzgerald,Male,42,Finance,Systems Analyst,95489,4328,2024-06-14
218,Perry Molina,Female,57,Marketing,Technical Support,50676,632,2024-06-08
219,Jon Poole,Male,29,Procurement,Business Analyst,69442,327,2024-06-30
220,Ian Mcpherson,Female,32,Marketing,Data Scientist,111943,4892,2024-06-23
221,Crystal Ray,Male,53,Customer Service,IT Manager,93535,2122,2024-07-06
222,Mr. Zachary Anderson,Male,35,HR,Network Administrator,69995,1952,2024-07-05
223,Danny Hernandez,Female,32,Customer Service,IT Manager,86749,2140,2024-06-13
224,Shane Curry,Male,30,R&D,Software Engineer,78837,182,2024-06-29
225,John Weaver,Male,32,R&D,Web Developer,81780,3244,2024-06-09
226,Chad Maxwell,Female,38,Procurement,DevOps Engineer,104725,4501,2024-06-21
227,Timothy Moore,Male,50,Finance,Systems Analyst,89260,362,2024-07-02
228,Keith Charles,Female,23,Legal,Web Developer,77092,1795,2024-06-28
229,Kayla Huffman PhD,Male,39,Finance,Business Analyst,55727,4068,2024-06-22
230,Dr. Dorothy Gutierrez DVM,Female,27,HR,Project Manager,87039,4862,2024-06-10
231,Jeffrey Kemp,Female,54,Operations,IT Manager,101538,194,2024-06-29
232,Desiree Marks,Male,31,Finance,Security Analyst,97822,1173,2024-06-19
233,Clinton Maldonado,Male,22,HR,Software Engineer,64966,1867,2024-06-24
234,Jade Fry,Female,30,Sales,Systems Analyst,60971,1726,2024-06-22
235,Thomas Gordon,Female,30,Operations,Project Manager,58906,4147,2024-06-09
236,William Jones,Female,31,Sales,Software Engineer,90916,719,2024-06-19
237,Robert Santiago,Male,56,Marketing,Security Analyst,104309,2350,2024-06-27
238,Michelle Becker,Male,51,Customer Service,Web Developer,115995,1040,2024-06-27
239,Debra Russell,Male,47,Operations,Data Scientist,103201,3703,2024-07-06
240,Jeremy Sanders,Male,35,HR,Project Manager,59986,2585,2024-06-11
241,Traci Davis,Female,49,IT,HR Manager,89771,893,2024-06-19
242,Kathy Payne,Female,45,Customer Service,Data Scientist,60194,4311,2024-06-26
243,Stephanie Livingston,Female,25,Customer Service,Systems Analyst,88514,3681,2024-06-08
244,Paula Ramirez,Female,56,Procurement,Data Scientist,55540,3501,2024-06-15
245,Laura Bowers,Female,53,Legal,Web Developer,50583,1368,2024-06-26
246,Sophia Guzman,Male,28,IT,Web Developer,85051,42,2024-07-03
247,Kimberly Miller,Female,39,Sales,Systems Analyst,102240,3092,2024-06-19
248,Melissa Love,Female,29,Customer Service,Business Analyst,89935,3028,2024-06-10
249,Cynthia Lopez,Female,24,Customer Service,Data Scientist,69689,1227,2024-06-12
250,Roger Poole,Male,60,Legal,Systems Analyst,88028,4390,2024-06-16
251,Robert Lucero,Male,37,R&D,HR Manager,53378,3418,2024-06-28
252,Sydney Caldwell,Female,37,Operations,Network Administrator,91217,4245,2024-06-28
253,Lee Cardenas,Female,32,Procurement,Project Manager,116986,4418,2024-06-24
254,Joshua Baker,Female,44,Legal,Security Analyst,88534,4966,2024-06-19
255,Ronald Myers,Female,34,Legal,HR Manager,74720,2933,2024-07-02
256,Lisa Spencer,Male,38,Legal,IT Manager,112210,1125,2024-06-29
257,Lisa Simpson,Female,41,Marketing,IT Manager,91434,4344,2024-07-06
258,Veronica Boyer,Male,43,Finance,Database Administrator,107209,182,2024-06-23
259,Mrs. Debra Giles,Female,26,HR,Web Developer,111023,297,2024-06-29
260,Erin Williams,Male,50,HR,DevOps Engineer,104351,2886,2024-06-29
261,Kirk Frederick,Female,57,Operations,Web Developer,64101,1672,2024-06-21
262,Shawn Ford,Female,59,HR,UI/UX Designer,116085,3663,2024-06-19
263,Kelly Bates,Male,34,Sales,Security Analyst,97328,1846,2024-06-10
264,Matthew Ramirez,Female,53,IT,Security Analyst,55380,1117,2024-06-14
265,Samuel Sharp,Male,55,Marketing,HR Manager,94780,2155,2024-06-20
266,Lisa Hess,Female,40,Legal,DevOps Engineer,106191,4086,2024-06-19
267,Matthew Cruz,Female,34,Legal,Network Administrator,90168,3420,2024-06-14
268,Eric Clark,Male,46,Customer Service,Business Analyst,111489,2881,2024-06-18
269,Dr. Brittany Smith,Male,35,Finance,Systems Analyst,79613,4422,2024-07-02
270,Lee Ellis,Female,32,Customer Service,Software Engineer,73930,4866,2024-06-30
271,Sean Jones,Female,47,Procurement,Data Engineer,63130,3293,2024-06-18
272,Matthew Roberts,Male,49,Procurement,Data Scientist,119796,3598,2024-06-28
273,Thomas Lloyd,Male,57,Procurement,Network Administrator,111205,2645,2024-06-20
274,Brandi Little,Female,35,Finance,Database Administrator,118755,668,2024-07-05
275,Linda King,Female,42,Procurement,Data Scientist,112926,1995,2024-06-26
276,Eric Foster,Male,46,Operations,UI/UX Designer,106032,4407,2024-07-07
277,Dr. Steven Moreno,Male,42,Sales,Data Engineer,104770,2865,2024-07-04
278,Brian Johnson,Male,39,Operations,Web Developer,85524,1288,2024-06-15
279,John Guerrero,Female,35,Procurement,DevOps Engineer,89901,1936,2024-06-23
280,Jeffrey Barnes,Female,57,Operations,Data Scientist,76553,1883,2024-06-14
281,Mathew Lee,Male,33,IT,Database Administrator,114214,3737,2024-06-21
282,Jason Shaffer,Female,28,Customer Service,Software Engineer,66373,4809,2024-06-24
283,Glenn Everett,Female,26,Customer Service,Software Engineer,118522,2054,2024-07-05
284,Cheryl Rogers,Male,39,HR,Web Developer,64473,3426,2024-06-11
285,Mrs. Amanda Young,Female,49,Sales,Systems Analyst,75464,1332,2024-07-03
286,Daniel Meadows,Male,48,Customer Service,HR Manager,99583,4341,2024-06-24
287,Sheila Young,Male,59,IT,Project Manager,60336,683,2024-06-30
288,Dawn Frazier,Male,57,R&D,Technical Support,100476,1714,2024-07-06
289,Pamela Jenkins,Female,24,Legal,HR Manager,50523,4180,2024-06-19
290,Tammie Mcguire,Male,52,R&D,Systems Analyst,103639,3186,2024-06-27
291,Cassandra Baker,Male,31,HR,Technical Support,101072,184,2024-07-04
292,Daniel Huerta,Male,48,Finance,DevOps Engineer,81224,4182,2024-06-21
293,Joshua Nichols,Female,26,Customer Service,HR Manager,106388,4593,2024-07-02
294,Jordan Ryan,Female,54,Sales,Database Administrator,53600,145,2024-06-20
295,Kim Douglas,Male,55,HR,Systems Analyst,95043,762,2024-06-08
296,Danny Hernandez,Female,46,Sales,Web Developer,89894,3559,2024-06-10
297,Cindy Mills,Female,60,Finance,Business Analyst,62360,3695,2024-06-29
298,Sheryl Baker,Male,41,HR,Data Scientist,58130,1364,2024-07-05
299,Kelly Johnson,Male,26,Procurement,Technical Support,87657,1517,2024-06-11
300,Ryan Jones,Female,57,R&D,Security Analyst,67930,2209,2024-07-03
301,Katrina Malone,Male,49,IT,Data Scientist,71872,2934,2024-06-16
302,Brian Carrillo,Female,38,HR,Data Scientist,94132,3820,2024-07-01
303,Denise Buck,Female,33,Legal,DevOps Engineer,112671,4885,2024-07-04
304,Danielle Kennedy,Male,54,Marketing,Security Analyst,85066,4782,2024-06-22
305,William Perkins,Male,59,R&D,Web Developer,119184,3769,2024-07-08
306,Keith Charles,Male,56,Finance,Database Administrator,82246,4695,2024-06-16
307,Amy Robinson,Male,48,Sales,Project Manager,81891,990,2024-06-20
308,Mr. James Munoz DDS,Female,31,HR,Data Engineer,84519,3854,2024-07-07
309,Nicholas Williams,Female,26,Marketing,Business Analyst,115187,903,2024-06-15
310,Kenneth Payne,Female,22,Sales,Data Scientist,72640,4488,2024-06-11
311,Erin Bautista,Male,52,Legal,DevOps Engineer,82682,219,2024-07-02
312,Jerome Curtis,Female,44,Customer Service,Systems Analyst,64916,3908,2024-06-16
313,Steven Reed,Female,22,Procurement,Systems Analyst,60229,2611,2024-06-23
314,Terri Hicks,Male,25,Finance,Network Administrator,54486,4235,2024-07-08
315,Megan Jones,Male,60,Marketing,HR Manager,114537,4756,2024-06-29
316,Dr. Brittany Smith,Female,30,Finance,Systems Analyst,89145,508,2024-06-30
317,Steven Welch,Male,32,Marketing,Web Developer,57232,1440,2024-06-17
318,Margaret Boone,Male,43,Sales,Data Engineer,111661,1581,2024-06-11
319,Lauren Phillips,Female,30,Sales,Software Engineer,80359,4121,2024-06-27
320,Robert Stone,Male,22,IT,Software Engineer,117826,4299,2024-06-21
321,Sandy Johnson,Female,53,R&D,Security Analyst,52326,1643,2024-06-18
322,Emily Thomas,Male,34,R&D,Technical Support,106458,4131,2024-06-18
323,David Aguilar,Female,49,Customer Service,Security Analyst,108347,4028,2024-07-04
324,Cynthia Bell,Female,39,R&D,UI/UX Designer,101796,3301,2024-06-27
325,Natalie Mccann,Female,40,IT,IT Manager,57047,4998,2024-06-28
326,Charles Kim,Female,42,Customer Service,Technical Support,112050,4370,2024-06-15
327,Kyle Tran,Male,49,R&D,Network Administrator,57478,4593,2024-06-08
328,Brandon King,Female,60,HR,UI/UX Designer,99360,959,2024-06-30
329,Kyle Weber MD,Male,36,Procurement,DevOps Engineer,100326,2487,2024-06-20
330,Donald Cohen,Male,39,Marketing,Web Developer,87465,4298,2024-06-13
331,Melissa Nguyen,Female,39,HR,Network Administrator,110411,4679,2024-06-30
332,Melissa Lopez,Male,35,Sales,Security Analyst,68589,2187,2024-06-28
333,Joseph White,Female,34,Operations,Project Manager,72528,276,2024-06-27
334,Marvin Hughes,Male,55,Marketing,DevOps Engineer,90799,1775,2024-06-22
335,Stacey Jimenez,Female,57,Sales,Project Manager,103086,4824,2024-06-30
336,Adam Sosa,Female,43,HR,Business Analyst,60466,1621,2024-07-05
337,Michael Wilson,Male,58,Finance,HR Manager,58555,4884,2024-06-30
338,Brian Walters,Female,47,Sales,DevOps Engineer,52482,2721,2024-06-28
339,Jessica Dixon,Male,36,Operations,Database Administrator,90397,655,2024-07-04
340,Linda Campbell,Female,31,HR,Data Scientist,52332,1068,2024-06-13
341,Justin Ruiz,Female,37,Customer Service,Network Administrator,102333,2897,2024-07-02
342,Cynthia Garcia,Female,58,HR,Business Analyst,50946,4337,2024-06-18
343,Robert Villanueva,Female,48,Legal,Database Administrator,113657,3805,2024-07-03
344,Melissa Nguyen,Female,46,HR,Systems Analyst,117309,1216,2024-06-24
345,Linda Ramirez,Male,27,Customer Service,Security Analyst,74224,761,2024-06-12
346,Nicholas Murphy,Female,40,IT,Data Scientist,74395,3162,2024-07-08
347,Dawn Khan,Male,56,IT,Network Administrator,116261,2318,2024-06-15
348,Michael Bean,Female,42,Marketing,IT Manager,65271,3404,2024-06-22
349,Kelly Fox,Female,23,Sales,Project Manager,83469,4827,2024-07-06
350,Sarah Strong,Male,45,Marketing,Technical Support,66734,4605,2024-07-01
351,Heather Moore,Male,52,Procurement,Web Developer,67243,2865,2024-06-24
352,Anne Keller,Female,52,Finance,DevOps Engineer,116956,762,2024-06-11
353,Juan Holder,Male,59,Sales,Systems Analyst,94239,2380,2024-06-28
354,Jillian Evans,Male,28,Finance,Security Analyst,56550,3127,2024-06-22
355,Christopher Schneider,Female,38,IT,Data Scientist,106301,4024,2024-06-13
356,Wendy Ray,Male,30,Finance,Data Scientist,57486,1219,2024-07-02
357,Holly Garcia,Male,23,R&D,Project Manager,115453,23,2024-07-02
358,Denise Lopez,Female,48,R&D,Business Analyst,63704,1295,2024-06-27
359,Jason Martin,Male,57,Finance,Network Administrator,86742,881,2024-07-04
360,Shannon Hill,Male,29,Finance,HR Manager,88676,3863,2024-06-26
361,Danielle Kennedy,Male,43,Procurement,Web Developer,69152,78,2024-07-08
362,Ryan Serrano,Female,58,Procurement,Project Manager,111413,3956,2024-06-28
363,David Rodriguez,Female,32,IT,Database Administrator,51969,1231,2024-07-07
364,Michelle Becker,Female,48,Procurement,Data Engineer,95455,1544,2024-06-27
365,Shawn Wyatt,Female,57,HR,Software Engineer,113331,4226,2024-07-01
366,Renee Lucas,Male,41,Procurement,Systems Analyst,54021,1900,2024-06-27
367,Debra Ortiz,Male,43,Customer Service,Database Administrator,117460,1359,2024-06-29
368,Tara Pope,Male,46,Sales,Technical Support,70522,324,2024-07-02
369,Traci Weeks,Female,40,Sales,Software Engineer,64652,2672,2024-06-27
370,Jacob Jackson,Male,46,R&D,DevOps Engineer,50256,2085,2024-06-19
371,Emily Brock,Female,38,R&D,Technical Support,85409,839,2024-07-07
372,Crystal Howard DDS,Male,31,IT,Business Analyst,92525,1519,2024-06-13
373,Christopher Fox,Male,56,Operations,DevOps Engineer,94002,1007,2024-06-27
374,Angela Kim,Female,29,Operations,Data Scientist,53379,3293,2024-06-11
375,Katelyn Stanley,Female,28,Marketing,Database Administrator,117514,1344,2024-06-16
376,Joel Riley,Female,34,IT,Project Manager,55864,3201,2024-06-19
377,Sandra Scott,Female,39,R&D,Systems Analyst,103681,711,2024-07-01
378,Audrey Alvarez,Male,38,IT,Software Engineer,108765,3025,2024-06-17
379,Amber Hayes,Female,45,HR,UI/UX Designer,93156,333,2024-06-10
380,Jennifer Jackson,Male,34,Finance,Business Analyst,78101,3189,2024-06-09
381,Cassandra Henderson,Female,45,Operations,Network Administrator,105797,4107,2024-06-13
382,Dustin Williamson,Female,60,IT,Technical Support,115295,4365,2024-07-06
383,Terry Howard,Female,56,IT,Data Engineer,56663,459,2024-06-14
384,Lori Jackson,Female,23,R&D,Project Manager,103470,913,2024-07-07
385,Mason Burgess,Female,42,Customer Service,Web Developer,52897,796,2024-06-26
386,Sharon Brown,Male,39,Marketing,UI/UX Designer,59269,1590,2024-06-30
387,Travis Martin,Male,59,HR,HR Manager,87656,1310,2024-06-11
388,Thomas Wright,Male,28,Marketing,Technical Support,82288,927,2024-06-25
389,Angel Green,Male,26,IT,Systems Analyst,106524,714,2024-07-04
390,Emily Thomas,Female,59,R&D,HR Manager,115900,660,2024-07-08
391,Jason Shaffer,Female,55,Sales,HR Manager,64014,2401,2024-06-08
392,Laurie Reed,Male,44,Sales,Web Developer,66581,1572,2024-06-17
393,Anthony Lopez,Female,47,Customer Service,Network Administrator,57612,1246,2024-07-04
394,Christina Gomez,Male,52,IT,Security Analyst,58287,3196,2024-06-10
395,Janice Jacobson,Male,25,HR,Data Engineer,88056,3465,2024-07-03
396,Charles Thompson,Male,24,Sales,Security Analyst,88037,1175,2024-06-24
397,Rachel Martin,Male,35,R&D,Web Developer,92618,780,2024-06-18
398,Michael Wilson,Female,57,Legal,Security Analyst,104112,3919,2024-07-06
399,Travis Blackwell,Female,50,Customer Service,Network Administrator,100266,4788,2024-07-01
400,Randy Hernandez,Male,23,Procurement,Software Engineer,81137,4431,2024-06-28
401,Sandra Scott,Female,22,Legal,Security Analyst,113633,2692,2024-07-04
402,Stephanie Livingston,Male,38,IT,Data Engineer,51471,1381,2024-06-13
403,Cassandra Baker,Female,33,Operations,DevOps Engineer,70178,2072,2024-06-27
404,Kevin Melton MD,Female,51,HR,Systems Analyst,53749,2333,2024-06-19
405,Barbara Moses,Male,38,Marketing,DevOps Engineer,73778,2162,2024-06-19
406,Justin Ruiz,Male,27,Procurement,Data Scientist,68931,216,2024-06-27
407,Carrie Fernandez,Male,57,IT,Data Engineer,83836,1467,2024-06-26
408,Joel Peterson,Female,47,Marketing,Data Scientist,86687,3384,2024-06-15
409,Heather Wade,Female,55,Procurement,Web Developer,73608,2152,2024-06-15
410,Susan Anderson,Male,31,Legal,DevOps Engineer,83207,1923,2024-06-30
411,Mark Martin,Male,44,Customer Service,Network Administrator,118981,4663,2024-06-25
412,Preston Owen,Male,39,Operations,Data Engineer,72493,3589,2024-06-26
413,Ronald Harvey,Male,46,Procurement,Security Analyst,88925,4007,2024-06-30
414,Cheryl Kirby,Female,60,IT,IT Manager,55823,1106,2024-06-29
415,Dustin Wade,Female,54,R&D,IT Manager,100181,3585,2024-07-05
416,Jason Kent,Female,37,Procurement,UI/UX Designer,97800,1393,2024-06-08
417,Thomas Wilson,Male,34,HR,Software Engineer,93944,252,2024-06-25
418,Michael Sanchez,Female,30,Finance,Database Administrator,71819,4994,2024-07-01
419,Michael Durham,Female,50,Sales,Project Manager,90636,3936,2024-06-18
420,Joel Peterson,Female,34,Finance,HR Manager,87010,242,2024-07-07
421,Steven Hughes,Female,26,Procurement,Systems Analyst,96462,3096,2024-06-28
422,Jenny Bennett,Female,30,Operations,Network Administrator,109889,3418,2024-06-20
423,Jennifer Alexander,Female,39,Procurement,Data Engineer,63374,2258,2024-07-05
424,Sherry Church,Male,31,Customer Service,IT Manager,57438,4952,2024-06-25
425,Anita Ferrell,Female,50,Marketing,Technical Support,65631,4546,2024-07-06
426,Melanie Paul,Female,60,Sales,Web Developer,80403,1869,2024-06-17
427,Samantha Sloan,Female,41,Legal,Network Administrator,117278,2580,2024-07-07
428,Kathleen Ortega,Male,39,Operations,UI/UX Designer,51376,1647,2024-06-10
429,Andre Reid,Female,48,Procurement,IT Manager,100717,1385,2024-06-09
430,Michael Barker,Female,51,Customer Service,Security Analyst,103987,2767,2024-06-11
431,David Sullivan,Female,26,R&D,Business Analyst,55591,1776,2024-07-02
432,Marvin Hughes,Female,39,R&D,Project Manager,60145,1931,2024-06-19
433,Eileen Huber,Female,36,Marketing,Security Analyst,55935,3222,2024-06-18
434,Charles Gates,Male,35,Operations,DevOps Engineer,68266,2627,2024-07-05
435,Michael Blair,Female,50,Legal,Security Analyst,115287,1756,2024-07-04
436,Richard Schneider,Male,24,Finance,Business Analyst,71973,1002,2024-06-18
437,Martin Smith,Male,26,Procurement,Security Analyst,91821,1876,2024-06-24
438,Rhonda Delgado,Male,51,Marketing,Technical Support,71954,4244,2024-06-22
439,Jeffrey Turner,Male,57,Procurement,DevOps Engineer,91875,378,2024-06-28
440,Terry Howard,Male,43,Customer Service,DevOps Engineer,91833,2826,2024-06-20
441,Michael Kaiser,Female,54,Operations,Software Engineer,113873,1456,2024-07-06
442,Brittany Chen,Male,46,HR,IT Manager,87899,2342,2024-06-26
443,Brian Carrillo,Male,45,HR,Software Engineer,54522,3969,2024-06-08
444,Cynthia Garcia,Male,41,Procurement,HR Manager,114173,782,2024-06-23
445,Adriana Smith,Female,38,Legal,UI/UX Designer,59567,3466,2024-06-16
446,Carlos Tate,Male,51,Marketing,Business Analyst,95588,4694,2024-07-07
447,Melanie Jones,Female,32,R&D,UI/UX Designer,106032,985,2024-07-04
448,Tara Pope,Male,35,Sales,Data Scientist,59865,711,2024-07-06
449,Wesley Diaz,Female,37,Sales,Database Administrator,79431,3353,2024-06-18
450,Jennifer Alexander,Male,38,Procurement,Project Manager,104388,868,2024-06-08
451,Catherine Krause,Female,36,Customer Service,Network Administrator,94537,3616,2024-06-20
452,Kristen Villarreal,Female,48,Procurement,Systems Analyst,71348,2718,2024-07-08
453,Andrew Rowland,Male,50,Legal,Data Scientist,59191,3067,2024-06-14
454,Mark Vang,Male,53,IT,Security Analyst,91140,2979,2024-06-15
455,Stephanie Haynes,Female,28,R&D,Software Engineer,115270,2995,2024-07-01
456,Mr. Michael Avila,Male,56,Sales,IT Manager,89634,1784,2024-06-11
457,Kayla Johnson,Female,24,Legal,Data Scientist,94873,4608,2024-07-04
458,John Contreras,Female,25,HR,Database Administrator,75182,1686,2024-06-08
459,Jennifer Tate,Male,47,Customer Service,Systems Analyst,81970,958,2024-07-02
460,Susan Franco,Female,32,Customer Service,Security Analyst,105330,3136,2024-06-22
461,Jennifer Jackson,Male,60,Finance,Software Engineer,70099,3107,2024-07-06
462,Alyssa Perez,Male,36,Customer Service,HR Manager,61780,4115,2024-07-06
463,Joanna Franklin,Female,41,Customer Service,Security Analyst,92394,582,2024-06-22
464,Anthony Lopez,Male,26,Operations,Data Engineer,56714,3451,2024-06-13
465,Brian Johnson,Male,45,Legal,Technical Support,87386,996,2024-06-21
466,Rickey Reynolds,Male,48,Legal,Data Scientist,86056,3747,2024-06-16
467,Darryl Jones,Male,43,Sales,HR Manager,93519,638,2024-07-04
468,Michael Simpson,Male,60,Sales,Data Scientist,75219,4300,2024-06-24
469,Sherry Carter,Male,29,Customer Service,Web Developer,87138,248,2024-06-24
470,Jennifer Pace,Male,50,Operations,Business Analyst,104900,4350,2024-06-08
471,Michael Smith MD,Male,31,HR,Database Administrator,71379,4311,2024-06-14
472,Jonathan Bailey,Male,39,Finance,UI/UX Designer,106184,3797,2024-06-17
473,Jennifer Larson,Female,49,HR,HR Manager,59593,3852,2024-07-03
474,Joseph Williams,Female,26,Customer Service,Data Scientist,87945,3585,2024-06-14
475,Connie Dixon,Female,55,Legal,UI/UX Designer,69160,3102,2024-07-08
476,Kristen Jenkins,Female,27,Finance,Web Developer,85672,1622,2024-06-08
477,Wesley Diaz,Female,54,Legal,Web Developer,84706,3668,2024-07-06
478,Lauren Pope,Female,40,Operations,Web Developer,76833,87,2024-06-17
479,Mathew Lee,Female,36,R&D,Business Analyst,54733,201,2024-07-05
480,Jessica Dixon,Female,50,R&D,Software Engineer,100772,934,2024-06-14
481,Ashley Mason,Female,48,Marketing,Data Scientist,83720,2731,2024-06-23
482,Jessica Ellis,Female,31,Sales,Data Scientist,94005,4180,2024-07-03
483,Michelle Becker,Female,27,IT,DevOps Engineer,68975,1577,2024-06-29
484,Adam Sosa,Female,35,Sales,Data Engineer,87167,880,2024-07-07
485,Jenny Jackson,Male,59,Finance,Data Scientist,72130,3485,2024-07-08
486,Isaac Goodwin,Female,27,Finance,Web Developer,103873,1473,2024-07-07
487,Joshua Rice,Male,53,Customer Service,Software Engineer,71093,82,2024-06-18
488,Dr. Dorothy Gutierrez DVM,Female,59,HR,HR Manager,119530,4004,2024-07-07
489,Nancy Fischer,Male,55,Operations,IT Manager,80404,2624,2024-06-08
490,Nicholas Fuller,Male,55,Finance,HR Manager,73686,4479,2024-06-20
491,Juan Holder,Female,29,Sales,Network Administrator,116986,3085,2024-06-11
492,Michael Valentine,Male,22,HR,DevOps Engineer,76840,3941,2024-06-13
493,Michelle Hernandez,Female,50,Procurement,Database Administrator,100191,4243,2024-06-26
494,Anita Farley,Male,57,IT,IT Manager,92186,4533,2024-07-01
495,Joshua Sheppard,Male,54,Finance,Software Engineer,90411,3001,2024-06-29
496,Travis Davis,Male,39,Operations,Business Analyst,52192,362,2024-07-02
497,Amber Savage,Male,44,IT,Web Developer,97747,1646,2024-07-01
498,Kristen Jenkins,Female,26,Finance,IT Manager,99682,2471,2024-06-25
499,Paul Ward,Female,60,Procurement,Project Manager,57574,1926,2024-07-06
500,Anthony Bennett,Male,58,Legal,Data Engineer,111749,3249,2024-06-17
501,Jennifer Holloway,Female,54,Sales,Software Engineer,110136,4077,2024-06-08
502,Marvin Hughes,Female,52,Marketing,Security Analyst,98681,2485,2024-06-14
503,Jacob Howe,Female,45,HR,DevOps Engineer,108888,4180,2024-06-12
504,Thomas Gordon,Female,34,Customer Service,Software Engineer,98076,3031,2024-06-10
505,Anna Holt,Male,24,Marketing,Network Administrator,75660,3,2024-06-28
506,Sharon Brown,Male,39,IT,Business Analyst,52098,2312,2024-06-16
507,Michael Ryan,Male,31,Customer Service,DevOps Engineer,88322,1350,2024-07-03
508,Gregory Jones,Male,60,Operations,DevOps Engineer,95735,2619,2024-06-19
509,Brandi Hayes,Female,27,Marketing,Project Manager,90595,3087,2024-06-16
510,Krystal Higgins,Male,60,Marketing,Network Administrator,68952,4253,2024-06-25
511,Sarah Jimenez,Female,47,HR,Technical Support,116148,1959,2024-06-12
512,Shawn Lopez,Male,60,Legal,Project Manager,61930,774,2024-07-05
513,Destiny Walters,Male,45,Legal,Data Engineer,51396,4753,2024-06-08
514,Gregory Fisher,Male,33,IT,Business Analyst,60487,3742,2024-07-06
515,Jacob Schroeder,Male,46,Procurement,DevOps Engineer,81602,4627,2024-06-11
516,Michelle Chen,Male,57,Finance,Technical Support,100979,1768,2024-06-21
517,Mary Paul,Female,32,HR,Web Developer,70525,1504,2024-06-08
518,Alexandra Johnson,Female,50,Finance,IT Manager,78748,1,2024-06-27
519,Matthew Cruz,Male,31,HR,Database Administrator,94255,4226,2024-06-25
520,Dr. Jon Sanford DDS,Male,30,HR,Business Analyst,108331,2243,2024-07-08
521,Linda Hardy,Female,49,Finance,Technical Support,55410,4325,2024-06-11
522,Daniel Huerta,Male,30,Legal,Data Scientist,59022,2736,2024-07-07
523,Samantha Griffin,Female,24,Operations,Data Scientist,104032,2308,2024-06-21
524,Jeffrey Barnes,Male,53,Procurement,Security Analyst,74578,1645,2024-07-08
525,Brittney Sullivan,Male,37,Finance,Business Analyst,109157,2932,2024-06-09
526,Jennifer Alvarez,Female,22,Marketing,Software Engineer,58478,1928,2024-06-30
527,Mr. Trevor Duncan,Female,56,Legal,DevOps Engineer,117069,4867,2024-07-04
528,Sabrina Case,Male,24,Sales,IT Manager,54758,2245,2024-06-12
529,Kim Douglas,Female,57,Sales,Network Administrator,107601,3778,2024-07-02
530,Debra Russell,Male,50,IT,UI/UX Designer,101461,1177,2024-06-22
531,Robert Martin,Female,42,Legal,Network Administrator,117622,2715,2024-07-08
532,Mary Jimenez,Female,31,Legal,Project Manager,58663,189,2024-07-02
533,Tyler Robbins,Female,27,Marketing,Database Administrator,57190,2890,2024-07-03
534,Daniel Carlson,Male,27,R&D,Project Manager,55676,2800,2024-06-17
535,Zachary Smith,Female,59,Customer Service,Security Analyst,59950,2012,2024-06-22
536,David Aguilar,Male,52,Finance,Software Engineer,108516,3697,2024-06-15
537,John Contreras,Male,25,Marketing,Systems Analyst,78948,1963,2024-07-07
538,Wesley Miller,Male,52,Legal,Technical Support,83374,561,2024-06-16
539,Brandon Eaton,Male,48,Procurement,Security Analyst,52910,4712,2024-07-04
540,Brandon Smith,Female,59,R&D,Data Scientist,54162,3018,2024-06-13
541,Ashley Carter,Male,59,HR,Network Administrator,91736,1501,2024-07-05
542,Donald Cohen,Male,48,Marketing,Business Analyst,76782,1352,2024-06-17
543,Rhonda Delgado,Female,23,Finance,Web Developer,82330,1429,2024-06-08
544,Sophia Guzman,Male,55,Legal,Data Scientist,99701,4291,2024-06-27
545,Jessica Turner,Female,56,R&D,UI/UX Designer,94281,1559,2024-06-18
546,Bradley Simmons,Female,50,Sales,Database Administrator,108405,249,2024-06-28
547,Matthew Miller,Male,58,HR,IT Manager,69303,4031,2024-06-23
548,Michael Kennedy,Male,54,HR,UI/UX Designer,72925,4491,2024-06-20
549,Patrick Palmer,Male,45,Sales,Business Analyst,75596,4203,2024-06-14
550,Denise Wright,Male,54,Operations,Network Administrator,106773,1734,2024-06-11
551,Bobby Campbell,Male,57,R&D,Data Scientist,93672,2107,2024-06-20
552,Terri Hicks,Female,29,Operations,Business Analyst,115257,3703,2024-06-14
553,Nicole Morris,Male,46,R&D,Project Manager,52636,257,2024-06-13
554,Carrie Fernandez,Male,23,R&D,Software Engineer,54345,2812,2024-06-30
555,Jennifer Johnson,Female,26,Marketing,Data Scientist,86543,4168,2024-06-08
556,Melissa Richmond,Female,50,R&D,Database Administrator,60357,3677,2024-07-07
557,Kimberly Bowen,Female,35,R&D,DevOps Engineer,72564,4207,2024-06-27
558,Jessica Payne,Female,56,Legal,Network Administrator,57625,2329,2024-06-11
559,Jamie Phillips,Female,53,Operations,Web Developer,73394,3467,2024-06-23
560,Jonathan Bennett,Male,56,Marketing,Project Manager,97564,4345,2024-06-25
561,Matthew Roberts,Male,31,HR,Software Engineer,71077,3757,2024-07-02
562,Mr. Michael Avila,Male,54,HR,Web Developer,110830,411,2024-06-23
563,Benjamin Bennett,Female,52,Customer Service,Project Manager,60453,2590,2024-06-21
564,Dr. Dorothy Gutierrez DVM,Female,49,Sales,IT Manager,74586,2229,2024-07-01
565,Sarah Pacheco,Female,27,Marketing,Network Administrator,61339,2364,2024-06-26
566,Clifford Kelly,Male,36,Customer Service,Business Analyst,62671,1571,2024-07-02
567,Cheryl Jones,Female,57,Finance,Project Manager,54593,2694,2024-06-28
568,Courtney Barry DDS,Male,23,Finance,Database Administrator,106647,1201,2024-06-11
569,Deborah Weaver,Female,60,Finance,Systems Analyst,101357,1872,2024-06-09
570,Sandra Scott,Male,31,Legal,Data Scientist,111505,396,2024-06-27
571,Nicholas Cook,Female,53,Customer Service,UI/UX Designer,72383,4211,2024-06-13
572,Eric Clark,Male,58,R&D,Database Administrator,116368,4202,2024-06-09
573,Charles Mcgee,Female,31,Legal,IT Manager,108795,1862,2024-07-05
574,Joel Riley,Male,39,Customer Service,DevOps Engineer,101677,1469,2024-07-07
575,Jacob Howe,Male,28,R&D,HR Manager,89755,2883,2024-06-10
576,Lauren Miller,Male,59,HR,Software Engineer,106609,2835,2024-06-17
577,Dakota Townsend,Male,51,Customer Service,IT Manager,60075,2749,2024-06-08
578,Heather Wade,Female,22,Marketing,Technical Support,109068,157,2024-07-07
579,Danielle Gibbs,Male,51,Operations,Web Developer,53599,302,2024-06-08
580,Sara Reynolds,Female,50,Procurement,Technical Support,89617,3535,2024-07-06
581,Michael Butler,Male,46,IT,IT Manager,99983,4585,2024-06-08
582,Charles Kim,Female,58,Legal,IT Manager,55661,717,2024-07-02
583,Troy Liu,Female,33,HR,Software Engineer,87772,1834,2024-06-19
584,Misty Love,Female,39,Marketing,Data Scientist,115627,1746,2024-06-18
585,John Guerrero,Female,22,Legal,Security Analyst,94201,3976,2024-07-03
586,Ashley Brooks,Female,47,HR,Data Engineer,100638,4856,2024-06-14
587,Michelle Fuentes,Female,36,R&D,Project Manager,57323,318,2024-06-21
588,Glenn Everett,Male,37,HR,Project Manager,77955,100,2024-07-01
589,Thomas Norton,Male,39,Procurement,Software Engineer,76343,4122,2024-07-08
590,Jasmine Berger,Male,58,Sales,Network Administrator,69637,1740,2024-06-24
591,Joan Thomas,Female,56,R&D,Project Manager,60044,622,2024-06-13
592,Angela Palmer,Female,40,Procurement,Web Developer,76394,1390,2024-07-01
593,John Bird,Female,56,IT,HR Manager,109226,3485,2024-06-14
594,Erin Weiss,Female,58,Legal,Business Analyst,78492,1500,2024-07-06
595,Julian Booth,Male,57,Sales,Data Engineer,94175,140,2024-06-15
596,Gloria Madden,Female,59,HR,Security Analyst,66116,4670,2024-07-02
597,Cynthia Norris,Male,56,Customer Service,Technical Support,94653,4512,2024-07-07
598,Stacy Howell,Male,32,Finance,UI/UX Designer,57311,3882,2024-06-25
599,Benjamin Hodge,Female,26,Legal,Network Administrator,119485,2318,2024-06-08
600,Paul Ramos,Female,50,Legal,Data Engineer,93025,4258,2024-06-15
601,Bradley Carpenter,Male,31,R&D,Data Scientist,95118,954,2024-07-01
602,Kenneth Gordon,Female,54,Legal,Project Manager,118853,4883,2024-06-27
603,Diane Schneider,Female,55,Sales,Data Engineer,98642,644,2024-06-10
604,Diane Schneider,Female,51,Legal,Systems Analyst,97440,1265,2024-06-15
605,Robyn Thompson,Male,47,HR,Software Engineer,51404,235,2024-07-07
606,Charles Gates,Male,35,Marketing,Database Administrator,105948,967,2024-07-08
607,Ashley Richard,Female,41,Legal,Software Engineer,78802,854,2024-06-24
608,Joseph Reese,Male,39,R&D,HR Manager,97472,4111,2024-06-28
609,James Galloway,Male,50,R&D,Software Engineer,56586,1936,2024-06-27
610,Ryan Rogers,Male,27,IT,Technical Support,55876,1960,2024-06-30
611,Emily Moore,Female,25,R&D,Business Analyst,93331,2630,2024-06-15
612,Terry Howard,Female,46,HR,Technical Support,58749,3415,2024-06-25
613,Pamela Jenkins,Male,52,Customer Service,Project Manager,90109,2629,2024-06-29
614,Catherine Wilson,Female,50,R&D,Web Developer,65344,4240,2024-06-15
615,Danny Hernandez,Male,25,Legal,UI/UX Designer,52098,4393,2024-06-20
616,Matthew Khan,Male,47,Operations,Database Administrator,58443,1249,2024-06-16
617,Cindy Hawkins,Male,57,HR,Web Developer,88848,3591,2024-06-20
618,Cheryl Carney,Male,34,Marketing,Systems Analyst,89335,3910,2024-06-25
619,Jennifer Pace,Male,28,IT,Software Engineer,90867,148,2024-06-16
620,John Johnston,Male,47,Marketing,Systems Analyst,54079,89,2024-06-23
621,Jay Lopez,Female,47,Operations,HR Manager,85464,2011,2024-06-20
622,Sean Jones,Female,54,Customer Service,Technical Support,77706,20,2024-06-19
623,Lauren Fox,Female,51,Legal,UI/UX Designer,79285,90,2024-07-02
624,Karen Collins,Female,55,Operations,Systems Analyst,79366,3227,2024-07-05
625,Steven Juarez,Male,29,IT,Technical Support,71090,1421,2024-06-30
626,Erin Stone,Female,50,Marketing,HR Manager,73759,4988,2024-06-12
627,James Johnson,Male,28,HR,Systems Analyst,85900,20,2024-06-26
628,Kimberly Bowen,Female,42,Sales,DevOps Engineer,89451,85,2024-06-29
629,Amber Hayes,Male,52,IT,Network Administrator,65400,3948,2024-07-07
630,David Griffin,Female,49,Finance,Data Scientist,88838,1787,2024-06-16
631,Jeremiah Bass,Male,53,Marketing,HR Manager,113385,206,2024-07-07
632,Douglas Lee,Male,58,Marketing,Data Scientist,57088,1091,2024-07-01
633,Michael Ross,Female,39,Procurement,Software Engineer,85655,2592,2024-06-24
634,Timothy Richardson,Female,47,Finance,Data Engineer,96177,4829,2024-06-28
635,Michele Fuller,Male,22,Marketing,Web Developer,83881,493,2024-07-02
636,Jenny Jackson,Male,42,IT,HR Manager,94548,2639,2024-06-28
637,Lindsey Gallagher,Male,22,Marketing,HR Manager,57811,3380,2024-07-02
638,Kathleen Duncan,Male,50,HR,Network Administrator,70107,2625,2024-06-15
639,Samuel Little,Female,46,Marketing,Systems Analyst,53447,1115,2024-06-13
640,Kelsey Livingston,Male,47,Procurement,Network Administrator,117923,2417,2024-07-01
641,Kevin Mosley,Female,33,Procurement,Software Engineer,101733,1428,2024-06-15
642,Kenneth Alvarado,Female,44,R&D,Network Administrator,68880,3524,2024-07-05
643,Gabrielle Long,Male,37,IT,Network Administrator,100041,558,2024-06-26
644,Chad Maxwell,Female,32,IT,Data Engineer,90645,3280,2024-06-20
645,Robert Stone,Female,51,IT,Security Analyst,103571,4168,2024-06-30
646,Sarah Hart,Female,43,Operations,DevOps Engineer,85038,596,2024-06-14
647,Brian Carrillo,Male,59,Sales,Technical Support,57160,310,2024-06-28
648,Jessica Richmond,Female,32,Sales,Security Analyst,83208,825,2024-06-08
649,Thomas Chen,Female,40,R&D,Business Analyst,78573,3799,2024-06-18
650,Edward Perkins,Female,46,Operations,HR Manager,83245,4142,2024-06-18
651,Cassandra Henderson,Male,42,HR,IT Manager,117899,480,2024-06-25
652,Tanya Conner,Female,56,Legal,Data Scientist,77480,910,2024-06-08
653,Jessica Turner,Female,33,HR,Data Scientist,74719,748,2024-06-12
654,Kevin Santos,Male,24,R&D,Project Manager,55214,2550,2024-06-26
655,Brandy Rogers,Female,48,Marketing,IT Manager,88878,3777,2024-07-04
656,Michael Wilson,Male,26,Operations,Data Scientist,102073,1707,2024-06-16
657,Kenneth Bailey,Female,28,HR,Data Scientist,59009,1174,2024-06-26
658,Glenn Everett,Male,56,Marketing,Systems Analyst,116180,1028,2024-06-08
659,Juan Holder,Female,50,Marketing,UI/UX Designer,50515,2287,2024-06-08
660,Lindsay Miller,Male,30,Operations,Database Administrator,66583,860,2024-06-25
661,Mrs. Casey Ibarra,Female,51,Legal,Data Engineer,82396,2222,2024-06-12
662,Vanessa Warner,Male,27,Finance,Security Analyst,113947,3051,2024-07-04
663,Marcus Merritt,Female,48,Operations,Technical Support,103621,4032,2024-06-12
664,Emily Estrada,Female,40,R&D,Data Scientist,117760,4370,2024-07-04
665,Brittney Sullivan,Male,30,Marketing,Data Scientist,80370,2730,2024-06-14
666,Christine Wright,Male,30,Marketing,Security Analyst,91458,3250,2024-06-21
667,Dylan Carter DDS,Female,47,Procurement,Network Administrator,84206,3476,2024-07-01
668,Rickey Reynolds,Male,35,Sales,DevOps Engineer,95226,2771,2024-06-16
669,Amanda Richardson,Male,41,Marketing,IT Manager,113961,1572,2024-06-18
670,Christine Wright,Female,56,Marketing,Web Developer,81863,3684,2024-06-11
671,Katrina Malone,Male,32,IT,Security Analyst,83425,1636,2024-07-02
672,Adrian Cole,Female,37,IT,Systems Analyst,114931,690,2024-07-03
673,Tyler Robbins,Female,29,Marketing,Systems Analyst,86885,4480,2024-06-28
674,Ryan Jones,Female,51,Legal,Project Manager,89691,3109,2024-06-30
675,Bryan Ross,Male,40,Customer Service,IT Manager,94921,4067,2024-06-27
676,Robin Miller,Female,50,R&D,Technical Support,58376,2976,2024-06-10
677,Dr. Brittany Smith,Female,59,R&D,Business Analyst,97210,2470,2024-06-08
678,Linda Caldwell,Male,33,Finance,UI/UX Designer,65825,2982,2024-06-24
679,George Morse,Male,58,Finance,Software Engineer,111397,3683,2024-06-21
680,Lisa Sloan,Male,38,Sales,Project Manager,110318,3672,2024-07-03
681,Alyssa Gray,Female,23,Marketing,Web Developer,50065,4085,2024-07-08
682,Andrew Clayton,Female,41,Sales,Project Manager,87748,4284,2024-06-27
683,Chad Smith II,Female,48,Marketing,Web Developer,86333,2248,2024-06-28
684,Sheila Young,Male,22,HR,Business Analyst,68055,3409,2024-06-13
685,Stephen Sanchez,Male,34,R&D,Security Analyst,63781,1720,2024-06-18
686,Kelly Sanford,Female,52,R&D,Software Engineer,119142,848,2024-07-03
687,Susan Miller,Female,52,Sales,Project Manager,78157,234,2024-06-21
688,Robert Stone,Male,38,Customer Service,Network Administrator,84627,1997,2024-06-09
689,Russell Carroll,Male,40,Sales,Security Analyst,98842,981,2024-06-15
690,Dr. Dorothy Gutierrez DVM,Female,28,Procurement,Systems Analyst,60643,3104,2024-06-21
691,Teresa Spencer,Female,30,HR,Business Analyst,68093,1683,2024-06-23
692,Susan Anderson,Male,54,Legal,Database Administrator,95647,3775,2024-06-23
693,Ms. Tonya Grant,Female,23,HR,Project Manager,78812,3671,2024-07-08
694,Kelly Bates,Female,24,Marketing,Database Administrator,57106,2681,2024-07-07
695,Sheryl Baker,Male,55,IT,IT Manager,57057,1797,2024-07-01
696,Ian Mcpherson,Female,58,R&D,Technical Support,101788,4606,2024-06-26
697,Mark Pruitt,Female,34,IT,Systems Analyst,54467,1165,2024-06-25
698,Matthew Ramirez,Female,33,HR,Project Manager,91461,62,2024-07-08
699,Paul Bailey,Male,46,Finance,Data Engineer,54866,809,2024-06-18
700,Denise Robinson,Male,31,Sales,Systems Analyst,106471,2831,2024-06-30
701,Alyssa Gray,Female,37,Procurement,Systems Analyst,108348,980,2024-06-18
702,Mark Lewis,Male,24,HR,Systems Analyst,79311,3555,2024-06-12
703,Anthony Lopez,Female,59,IT,Technical Support,115422,929,2024-06-13
704,Jonathan James,Female,51,Marketing,Data Engineer,52417,1442,2024-06-25
705,Michelle Fox,Male,59,Operations,Business Analyst,79476,1807,2024-06-28
706,Linda Campbell,Male,28,Legal,Business Analyst,116455,3005,2024-06-30
707,Cindy Hawkins,Female,27,Marketing,UI/UX Designer,67171,3506,2024-06-22
708,Chad Snyder,Female,26,R&D,UI/UX Designer,84725,1968,2024-07-05
709,Vanessa Morris,Female,50,Customer Service,Systems Analyst,77235,2925,2024-07-07
710,Thomas Wright,Female,42,Customer Service,Systems Analyst,62463,3386,2024-06-25
711,Tina Horn,Female,48,IT,Data Scientist,104581,944,2024-07-01
712,Lisa Avila,Male,28,Finance,UI/UX Designer,63051,4997,2024-06-11
713,Deanna Gordon,Male,54,R&D,Software Engineer,66886,1148,2024-06-14
714,Jeffrey Young,Male,23,Procurement,Business Analyst,116766,2503,2024-06-30
715,Eileen Huber,Female,36,IT,Software Engineer,82570,2892,2024-07-03
716,Carla Cox,Female,37,Customer Service,Web Developer,102437,3479,2024-06-25
717,Jennifer Malone,Female,31,R&D,Business Analyst,114563,4459,2024-06-19
718,Heather Marsh,Male,37,Operations,Web Developer,91577,1431,2024-06-22
719,Mary Paul,Male,54,R&D,HR Manager,79487,3330,2024-07-01
720,Carla Cox,Male,60,Procurement,DevOps Engineer,102598,3059,2024-06-27
721,Andrew Zavala,Male,33,Procurement,Systems Analyst,63472,4832,2024-06-26
722,Lisa Lopez,Female,41,Legal,Data Engineer,111976,3653,2024-07-06
723,Alice Deleon,Female,23,Marketing,Systems Analyst,88467,4953,2024-06-29
724,Julian Booth,Male,30,Operations,Web Developer,83316,1162,2024-06-30
725,Amanda Arnold,Female,39,Legal,Systems Analyst,109542,3492,2024-07-08
726,Michael Mendoza,Female,23,Legal,Security Analyst,80914,1506,2024-06-24
727,Christopher Fox,Male,47,IT,Database Administrator,62365,41,2024-06-21
728,Michael Turner,Male,31,Procurement,Business Analyst,88182,2967,2024-06-20
729,Summer Wise,Female,58,Marketing,Software Engineer,87440,3250,2024-06-29
730,Travis Martin,Male,41,IT,Network Administrator,53660,3550,2024-06-12
731,Elizabeth Aguirre,Male,24,R&D,Data Engineer,68555,1604,2024-07-03
732,Michael Turner,Male,40,Customer Service,Project Manager,87780,1470,2024-06-18
733,Allison Bauer,Female,23,IT,Network Administrator,115125,4772,2024-07-03
734,Laura Bowers,Female,29,Customer Service,UI/UX Designer,88755,849,2024-06-29
735,Glenn Everett,Male,52,Operations,Project Manager,73777,1258,2024-06-19
736,Kathryn Gilbert,Male,52,IT,Data Scientist,101770,3993,2024-06-29
737,James Galloway,Male,46,HR,Data Scientist,85756,2839,2024-06-19
738,Mrs. Paula Davidson,Male,36,Finance,Systems Analyst,58676,3674,2024-07-05
739,Maria Carr,Male,23,Operations,Data Engineer,74317,3499,2024-06-27
740,Christine Ali,Male,41,Finance,Network Administrator,64350,4699,2024-06-11
741,Mrs. Pamela Brown,Female,33,Finance,Database Administrator,95404,281,2024-07-06
742,Eric Clark,Female,31,Operations,Web Developer,77924,1702,2024-07-02
743,Cheryl Rogers,Male,49,Procurement,Systems Analyst,80203,3923,2024-07-07
744,Dylan Carter DDS,Female,33,Marketing,Business Analyst,95996,2088,2024-06-26
745,Tyler Robbins,Female,41,Customer Service,Database Administrator,115354,1852,2024-06-11
746,Sophia Guzman,Male,49,HR,Data Scientist,61017,2531,2024-06-09
747,Brian Roberts MD,Male,27,HR,Network Administrator,119491,72,2024-06-22
748,Nicholas Adams,Male,48,Sales,DevOps Engineer,117671,4841,2024-06-09
749,Gerald Miller,Female,48,HR,Web Developer,106358,3133,2024-07-08
750,Edward Dickson,Male,40,Legal,DevOps Engineer,67542,4842,2024-06-25
751,Suzanne Jimenez,Male,40,R&D,Software Engineer,81526,3810,2024-06-26
752,Lindsay James,Male,31,Legal,Web Developer,69932,3645,2024-07-05
753,Melissa Love,Male,57,Customer Service,HR Manager,102618,1679,2024-06-24
754,Lauren Miller,Female,29,IT,HR Manager,80435,2984,2024-06-10
755,Cheryl Kirby,Male,53,Legal,Business Analyst,69656,758,2024-06-08
756,Sherry Carter,Female,52,R&D,Security Analyst,85227,4313,2024-06-18
757,Jamie Phillips,Female,53,Legal,Technical Support,85451,3159,2024-06-21
758,Larry Baker,Male,49,Operations,Data Scientist,53363,1626,2024-06-23
759,Patrick Taylor,Male,38,HR,DevOps Engineer,65103,1209,2024-07-07
760,Kevin Santos,Male,23,Finance,Network Administrator,100069,2077,2024-06-23
761,Catherine Krause,Male,50,Marketing,UI/UX Designer,85260,4678,2024-06-16
762,Mark Tucker,Male,27,Customer Service,IT Manager,65322,150,2024-06-25
763,Michael Mccall,Male,45,Marketing,Technical Support,113848,3954,2024-06-22
764,Jennifer Baker,Male,26,Legal,DevOps Engineer,75807,1302,2024-06-24
765,Paul Lee,Male,36,Legal,DevOps Engineer,60919,4208,2024-07-06
766,Paul Dunlap,Female,22,Marketing,IT Manager,78772,2404,2024-06-30
767,David Mcbride,Female,58,HR,HR Manager,61730,4472,2024-06-14
768,Elizabeth Harper,Male,53,Sales,Business Analyst,68234,2683,2024-07-01
769,Kyle Tran,Male,55,Sales,DevOps Engineer,53229,3497,2024-06-26
770,Andrew Rowland,Female,44,Finance,Data Scientist,78675,937,2024-06-17
771,Wendy Ray,Male,38,Customer Service,Software Engineer,109655,3954,2024-06-30
772,Michele Nelson,Male,31,Finance,Data Scientist,101626,2347,2024-06-09
773,Matthew Lawrence,Male,51,Customer Service,Technical Support,98996,1952,2024-06-10
774,Lauren Fox,Male,41,R&D,Project Manager,112808,3320,2024-07-02
775,Courtney Kent,Male,48,R&D,Business Analyst,65783,687,2024-06-08
776,Joshua Nichols,Male,59,IT,Technical Support,63715,828,2024-06-15
777,Sarah Jimenez,Male,41,R&D,DevOps Engineer,93886,4553,2024-06-22
778,John Bird,Male,33,Finance,Systems Analyst,114077,2962,2024-07-03
779,Kathleen Duncan,Female,45,Legal,DevOps Engineer,67570,3746,2024-06-14
780,Joseph Reese,Female,60,HR,Database Administrator,53092,1664,2024-06-11
781,Chase Mayo,Female,23,Procurement,Systems Analyst,110410,2081,2024-06-27
782,Audrey Lyons,Male,52,Operations,Network Administrator,71074,1830,2024-06-25
783,Gregory Townsend,Male,53,Finance,Data Scientist,60249,249,2024-06-24
784,Joshua Baker,Male,49,Legal,Security Analyst,102846,3895,2024-06-20
785,Sherry Blair,Male,34,Sales,Network Administrator,78961,706,2024-06-10
786,Timothy Moore,Female,39,Procurement,Systems Analyst,119661,63,2024-06-12
787,Daniel Lee,Male,55,Operations,Systems Analyst,60006,2778,2024-06-24
788,Tina Vaughan,Male,56,Operations,Data Engineer,106130,326,2024-06-26
789,Carrie Fernandez,Female,24,IT,Network Administrator,65178,1674,2024-06-23
790,Jonathan Holloway,Male,27,Legal,Software Engineer,67847,3520,2024-06-17
791,Mark Pruitt,Female,59,Procurement,Systems Analyst,74602,1833,2024-07-05
792,Sheila Young,Male,46,Finance,Web Developer,109029,2991,2024-06-14
793,Anthony Price,Female,53,Sales,DevOps Engineer,54736,1000,2024-07-02
794,Gary White,Female,52,Sales,Business Analyst,108564,4208,2024-06-21
795,Nicholas Fuller,Female,35,Sales,Business Analyst,59207,1433,2024-06-14
796,Victoria Cooper,Female,40,HR,UI/UX Designer,110577,4707,2024-07-02
797,Sarah Strong,Male,27,Sales,Project Manager,106501,4401,2024-06-27
798,Brandon Eaton,Male,43,R&D,Data Engineer,81017,3977,2024-06-19
799,Michele Mack,Male,48,IT,Database Administrator,91840,2254,2024-06-28
800,Thomas Gordon,Female,45,IT,Database Administrator,94157,2116,2024-06-29
801,Brandon Eaton,Female,55,Marketing,DevOps Engineer,99976,705,2024-06-21
802,Stephen Sanchez,Male,57,Operations,Software Engineer,86596,4489,2024-07-05
803,Erin Weiss,Male,30,IT,Project Manager,77945,3488,2024-06-08
804,Daniel Meadows,Male,55,Finance,DevOps Engineer,101018,1958,2024-06-15
805,Lindsay James,Male,50,Procurement,Software Engineer,89727,1320,2024-07-08
806,Laura Wilson,Female,44,HR,Project Manager,56868,520,2024-06-14
807,Eric Edwards,Male,46,R&D,Web Developer,62768,3867,2024-06-23
808,Jennifer Moran,Male,42,Customer Service,Data Scientist,97764,2663,2024-06-24
809,Gloria Gaines,Male,49,Finance,DevOps Engineer,97517,2166,2024-06-16
810,Robert Duncan,Female,48,Finance,Database Administrator,53784,109,2024-07-05
811,Steven Phillips,Female,45,IT,Security Analyst,90835,2211,2024-06-14
812,Dr. Jon Sanford DDS,Male,42,IT,Project Manager,84516,1946,2024-07-08
813,Teresa Jefferson,Female,37,R&D,Security Analyst,93201,256,2024-06-28
814,Richard Duran,Female,46,IT,Data Scientist,87661,1334,2024-06-12
815,Karen Wells,Female,45,HR,Business Analyst,64488,3999,2024-06-10
816,George Carr,Male,45,Customer Service,Database Administrator,72574,445,2024-06-08
817,John Bird,Male,27,HR,Project Manager,107543,2796,2024-06-16
818,Michelle Turner,Male,39,Legal,Business Analyst,83207,3246,2024-06-23
819,Jennifer Alexander,Male,53,Legal,Technical Support,51082,3629,2024-06-13
820,Stacey Jimenez,Female,53,Sales,Security Analyst,86494,3895,2024-06-23
821,Kenneth Alvarado,Male,31,Sales,Security Analyst,58780,3981,2024-06-17
822,Scott Gonzalez,Female,43,Legal,Network Administrator,82567,872,2024-06-23
823,Russell Carroll,Male,60,Finance,Technical Support,86188,177,2024-06-16
824,Kevin Martinez,Female,36,Procurement,UI/UX Designer,54789,3772,2024-07-07
825,Cindy Johnston,Female,30,R&D,Data Scientist,60690,725,2024-07-02
826,Melissa Love,Male,28,Customer Service,HR Manager,99682,3897,2024-06-27
827,Donna Frank,Male,38,IT,IT Manager,70120,1679,2024-06-12
828,Kathy Payne,Male,45,IT,Data Engineer,54378,4203,2024-06-26
829,Travis Davis,Male,42,R&D,HR Manager,116602,2067,2024-06-10
830,Jenny Jackson,Male,42,Customer Service,Web Developer,58991,4842,2024-06-09
831,John Johnston,Male,26,Finance,Technical Support,100011,3881,2024-06-20
832,Dawn Day,Female,32,HR,Systems Analyst,72002,1134,2024-06-22
833,Sabrina Bray,Female,41,Marketing,UI/UX Designer,80983,3367,2024-06-27
834,Julie Cochran,Female,24,HR,Business Analyst,96813,4781,2024-06-13
835,Lisa Skinner,Male,53,Procurement,Web Developer,79055,605,2024-06-13
836,Thomas Norton,Male,36,Legal,HR Manager,119316,4564,2024-06-23
837,Stacy Medina,Male,32,HR,Data Scientist,98171,2201,2024-06-17
838,Donald Cohen,Female,51,Finance,UI/UX Designer,67714,2336,2024-07-03
839,Linda Serrano,Male,51,Operations,HR Manager,79187,4654,2024-06-12
840,Jessica Cantu,Female,60,HR,Network Administrator,53104,769,2024-06-19
841,Patrick Palmer,Female,52,Customer Service,Software Engineer,82385,2630,2024-06-08
842,Diana Harris,Male,28,R&D,Business Analyst,82291,2064,2024-06-18
843,Angela Kim,Female,44,Sales,Project Manager,97829,4109,2024-06-26
844,Michael Randolph,Male,22,Finance,DevOps Engineer,50060,2197,2024-07-06
845,Catherine Krause,Male,59,Finance,Data Scientist,58925,2407,2024-06-26
846,Mark Davis,Female,41,Marketing,Web Developer,112700,4426,2024-06-16
847,Anita Ferrell,Male,43,Procurement,Technical Support,100728,1851,2024-06-17
848,Robin Mckinney,Female,35,IT,Network Administrator,70739,1279,2024-07-01
849,Jason Vargas,Male,51,Customer Service,Software Engineer,111029,4420,2024-06-26
850,Alyssa Perez,Male,48,Finance,Business Analyst,65405,1985,2024-06-26
851,Andrew Zavala,Female,37,Procurement,Security Analyst,103483,4652,2024-06-28
852,Lynn Ferrell,Male,37,HR,Database Administrator,59504,1631,2024-06-22
853,James Morris,Male,60,Operations,Systems Analyst,104428,4597,2024-06-22
854,Tamara Rocha,Female,27,Procurement,Systems Analyst,59472,438,2024-06-29
855,Timothy Woods,Female,56,Operations,Data Engineer,77741,478,2024-06-13
856,Michelle Smith,Male,31,Customer Service,HR Manager,86931,2974,2024-06-18
857,Kevin Jackson,Female,37,R&D,IT Manager,107666,3142,2024-07-02
858,Devin Smith,Male,27,Legal,DevOps Engineer,107017,2812,2024-06-26
859,Jessica Dixon,Female,53,Customer Service,Systems Analyst,62025,550,2024-06-10
860,Mr. Zachary Anderson,Female,31,Customer Service,UI/UX Designer,60663,460,2024-06-11
861,Michael Ryan,Female,31,Finance,UI/UX Designer,89589,744,2024-06-23
862,Steven Phillips,Female,29,IT,Security Analyst,57230,1625,2024-06-13
863,Lauren Jensen,Female,23,HR,Web Developer,76272,2069,2024-06-26
864,Lori Jackson,Male,48,Procurement,Security Analyst,83649,3772,2024-06-21
865,Jamie Phillips,Female,32,Procurement,UI/UX Designer,107152,3027,2024-06-21
866,Thomas Duncan,Female,35,Operations,UI/UX Designer,90863,2882,2024-06-25
867,Daniel Reyes,Female,38,Legal,Security Analyst,61819,2409,2024-06-23
868,Angela Wall,Female,53,Legal,Technical Support,105169,44,2024-06-08
869,Cynthia Garcia,Male,50,Customer Service,Network Administrator,70983,2499,2024-06-24
870,Jeffrey Ashley,Male,31,Sales,DevOps Engineer,53751,1086,2024-06-14
871,Kayla Huffman PhD,Female,52,Customer Service,HR Manager,75201,1340,2024-07-01
872,Dwayne Anderson,Female,56,Sales,Business Analyst,94265,2619,2024-07-04
873,Nicole Wilkins,Female,24,Customer Service,Network Administrator,110434,295,2024-06-16
874,Laurie Reed,Female,40,Operations,Data Engineer,71149,4094,2024-06-16
875,Melissa Richmond,Female,25,Operations,Security Analyst,58766,2462,2024-06-13
876,Tina Horn,Male,27,Procurement,DevOps Engineer,93845,2968,2024-06-20
877,Adrian Mckenzie,Male,34,Legal,Security Analyst,119836,1874,2024-06-25
878,Jessica Peterson,Male,35,HR,Business Analyst,64982,2412,2024-06-24
879,Cheryl Rogers,Male,30,Sales,Business Analyst,85815,1082,2024-07-06
880,Todd Weiss,Female,33,Marketing,UI/UX Designer,83283,2713,2024-06-13
881,Sheryl Baker,Male,50,HR,Network Administrator,107598,3117,2024-06-28
882,Alexandra Johnson,Male,40,Sales,Technical Support,55703,1367,2024-06-24
883,Randy Hernandez,Male,31,IT,Web Developer,115739,1254,2024-06-28
884,Jeffrey Young,Male,53,HR,Software Engineer,107728,3873,2024-06-10
885,Cynthia Maddox,Male,59,Marketing,Security Analyst,92534,1834,2024-06-20
886,Megan Jones,Female,40,Customer Service,IT Manager,96136,1585,2024-06-23
887,Daniel Silva,Female,45,Legal,Network Administrator,108657,949,2024-06-14
888,Randall Andrews,Female,30,IT,HR Manager,59445,2166,2024-06-11
889,Kayla Rasmussen MD,Male,46,Operations,Network Administrator,69472,1706,2024-07-05
890,Mathew Lee,Female,42,Customer Service,Project Manager,71449,3338,2024-07-03
891,Donna Frank,Male,40,Marketing,Security Analyst,80006,2607,2024-06-09
892,Elizabeth Bridges,Female,41,Customer Service,Data Scientist,74546,4955,2024-06-11
893,Brandon Smith,Female,54,IT,Network Administrator,84995,2526,2024-06-22
894,Ashley Wilson,Male,28,Legal,UI/UX Designer,115088,4145,2024-07-04
895,Joshua Baker,Female,40,Legal,Business Analyst,63928,3490,2024-07-05
896,Michael Sanchez,Female,51,Sales,Technical Support,100720,885,2024-06-29
897,Cynthia Mann,Female,28,Marketing,Web Developer,94243,539,2024-06-15
898,Emily Estrada,Female,38,IT,Database Administrator,89356,288,2024-06-30
899,Jessica Cantu,Female,47,Operations,HR Manager,59058,4101,2024-06-29
900,Perry Molina,Female,57,Sales,IT Manager,61243,963,2024-06-18
901,Veronica Boyer,Male,58,Sales,Security Analyst,91792,670,2024-06-30
902,Martin Smith,Male,56,Legal,Software Engineer,84572,343,2024-06-18
903,Kevin Leon,Female,36,Customer Service,Web Developer,79810,2404,2024-06-21
904,John Johnston,Female,41,Legal,Web Developer,107171,483,2024-07-01
905,Cole Adkins,Female,45,Sales,UI/UX Designer,80783,3706,2024-06-15
906,Lori Blackwell,Female,48,Procurement,Database Administrator,109279,4113,2024-06-09
907,David Mcbride,Female,30,Operations,HR Manager,90531,1001,2024-06-12
908,Jonathan Holloway,Female,33,Finance,Web Developer,59032,3209,2024-06-24
909,Mason Bradford,Male,52,R&D,Data Engineer,59041,3000,2024-07-02
910,Bethany Carr,Female,47,Customer Service,Project Manager,93163,1541,2024-06-08
911,Richard Castro,Male,31,Customer Service,Project Manager,76962,1255,2024-06-08
912,Courtney Barry DDS,Male,25,Operations,Network Administrator,74522,2447,2024-06-29
913,Lee Ellis,Male,49,IT,Security Analyst,118358,2750,2024-06-10
914,Steven Erickson,Male,58,Finance,DevOps Engineer,119108,4430,2024-06-10
915,Joshua Nichols,Female,22,Customer Service,Data Engineer,101462,1568,2024-06-26
916,Melissa Love,Male,55,Sales,Web Developer,88250,3450,2024-06-25
917,Catherine Wilson,Male,51,Sales,Network Administrator,107134,2636,2024-07-06
918,Daniel Silva,Male,30,IT,Project Manager,99434,1690,2024-07-05
919,Jasmine Berger,Female,50,Marketing,Business Analyst,79722,2993,2024-06-30
920,Renee Berg,Female,34,HR,Project Manager,58505,1195,2024-06-23
921,Mathew Lee,Male,41,Finance,Project Manager,79571,1704,2024-07-07
922,Stephanie Haynes,Female,26,Finance,Network Administrator,99728,2415,2024-07-08
923,William Ramirez,Female,49,Marketing,Database Administrator,74570,3101,2024-06-21
924,Ryan Fisher,Female,52,Legal,Systems Analyst,106083,60,2024-06-09
925,Matthew Cruz,Female,55,R&D,Web Developer,51137,283,2024-07-06
926,Keith Charles,Male,36,Sales,Network Administrator,54881,3013,2024-06-30
927,Jessica Robinson,Male,54,HR,IT Manager,96717,226,2024-06-10
928,Matthew Cobb,Male,32,Legal,Network Administrator,72382,4240,2024-07-08
929,Steven Hughes,Male,38,Procurement,HR Manager,70572,2094,2024-07-07
930,Phillip Jordan,Female,38,Operations,Software Engineer,110186,517,2024-07-07
931,Johnny Johnson,Male,29,Sales,DevOps Engineer,50825,2629,2024-07-03
932,Hector Sutton,Female,60,R&D,DevOps Engineer,112618,3421,2024-06-29
933,Jeffrey Turner,Female,40,IT,Business Analyst,102690,2809,2024-06-17
934,Donald Cohen,Female,28,Sales,Technical Support,65555,4911,2024-07-08
935,Robin Houston,Male,47,Sales,DevOps Engineer,117821,99,2024-07-03
936,Michelle Fox,Male,43,IT,Data Engineer,83825,2613,2024-06-18
937,Krystal Higgins,Male,37,Operations,Database Administrator,68558,540,2024-07-07
938,Elizabeth Dixon,Male,60,Finance,Data Scientist,66907,1975,2024-06-21
939,Julian Booth,Female,57,Sales,Web Developer,105662,2220,2024-07-03
940,Melissa Webb,Male,24,R&D,DevOps Engineer,65280,1120,2024-06-17
941,Richard Smith,Female,38,Customer Service,Database Administrator,109917,4270,2024-07-02
942,Dr. Jon Sanford DDS,Male,52,Sales,Software Engineer,69102,382,2024-06-27
943,Robin Olson,Male,58,Operations,Data Engineer,98148,1738,2024-06-12
944,Kenneth Bailey,Female,35,Customer Service,Security Analyst,102807,430,2024-07-01
945,Michelle Chen,Female,49,HR,IT Manager,69643,1316,2024-06-15
946,Wesley Diaz,Female,54,Customer Service,HR Manager,102173,1679,2024-06-09
947,Clifford Kelly,Female,32,Procurement,Technical Support,98374,2571,2024-07-07
948,Renee Lucas,Male,49,Marketing,Data Engineer,56709,3619,2024-06-12
949,Andre Reid,Female,36,Finance,Technical Support,62216,3295,2024-06-28
950,Nicholas Cook,Female,29,Operations,Security Analyst,62648,1605,2024-06-18
951,April Garner,Male,51,Legal,UI/UX Designer,84298,3609,2024-06-12
952,Ashley Charles,Female,24,Customer Service,HR Manager,103340,173,2024-06-24
953,Matthew Richardson,Female,28,Operations,Data Engineer,95711,1839,2024-06-12
954,Crystal Howard DDS,Female,55,Finance,IT Manager,90030,2192,2024-06-27
955,Steven Gardner,Male,32,Operations,IT Manager,50895,1600,2024-06-12
956,Linda King,Male,40,R&D,Systems Analyst,79608,1809,2024-07-05
957,Joshua Rice,Female,47,HR,Project Manager,53267,3155,2024-06-27
958,Ashley Richard,Male,59,Procurement,Security Analyst,102863,4471,2024-06-25
959,Tammy Robertson,Female,31,HR,Network Administrator,59973,3040,2024-06-13
960,Maria Garcia,Female,36,HR,Business Analyst,89191,3854,2024-06-27
961,George Morse,Male,48,Procurement,Business Analyst,63382,4333,2024-07-07
962,Andrew Collins,Male,47,Sales,IT Manager,112353,1980,2024-06-16
963,Stephen Sanchez,Female,50,Marketing,Database Administrator,67856,1504,2024-06-20
964,David Brennan,Male,53,Finance,Web Developer,103239,3820,2024-06-19
965,Kevin Martinez,Female,60,Sales,Security Analyst,68645,2850,2024-07-03
966,Brandi Little,Male,44,R&D,Security Analyst,90359,4082,2024-06-27
967,Matthew Werner,Female,25,Marketing,Business Analyst,64714,619,2024-06-18
968,Adrian Cole,Male,54,IT,Technical Support,94398,2258,2024-07-08
969,Sarah Pacheco,Female,57,R&D,Business Analyst,103425,4786,2024-06-29
970,Lindsey Mason,Female,39,HR,IT Manager,50325,4188,2024-07-02
971,Chad Maxwell,Female,46,IT,Network Administrator,56171,4344,2024-07-02
972,Mary Figueroa,Male,46,Finance,IT Manager,100610,1349,2024-07-01
973,Phillip Jordan,Male,37,R&D,Data Engineer,79172,3682,2024-06-15
974,Andrew Collins,Male,47,Operations,Technical Support,102991,4389,2024-07-07
975,Heather Wade,Female,53,IT,HR Manager,98401,3013,2024-06-10
976,Michele Fuller,Male,32,Customer Service,Technical Support,83372,1886,2024-06-14
977,Sheryl Baker,Male,36,Customer Service,Web Developer,86613,2809,2024-06-30
978,Patrick Sanchez,Male,47,Operations,Business Analyst,60674,4588,2024-06-23
979,Jennifer Holloway,Male,23,HR,UI/UX Designer,86636,688,2024-06-08
980,Tina Horn,Female,56,IT,Security Analyst,65233,4776,2024-06-18
981,Jennifer Carey,Female,23,Sales,Security Analyst,75585,2911,2024-07-01
982,Sandra Scott,Male,41,Legal,Data Engineer,81130,241,2024-06-10
983,Kevin Mosley,Male,41,R&D,Network Administrator,63895,2437,2024-07-06
984,Ashley Wilson,Female,33,Procurement,Software Engineer,116213,4,2024-06-14
985,Adam Sosa,Male,53,IT,Data Scientist,74087,4198,2024-06-22
986,Juan Holder,Male,44,Procurement,Data Scientist,114105,1958,2024-07-05
987,Seth Mckee,Male,31,Sales,Database Administrator,50012,2469,2024-06-28
988,Mr. John Roy,Female,24,IT,Business Analyst,61504,3012,2024-07-07
989,Diana Hurley,Male,35,HR,Web Developer,111284,4616,2024-06-17
990,Gabriel Evans,Male,58,IT,DevOps Engineer,113024,3658,2024-06-23
991,Jose Mercado,Female,46,Procurement,Data Scientist,58973,4986,2024-06-22
992,Fernando Lane,Female,43,Operations,IT Manager,115868,3354,2024-06-09
993,Mary Watson,Female,22,Procurement,Data Scientist,99816,1289,2024-06-17
994,Melissa Mercado,Female,31,Sales,Technical Support,92820,1563,2024-06-08
995,Patrick Sanchez,Male,27,Procurement,Software Engineer,103395,2615,2024-06-22
996,Cynthia Quinn,Female,32,IT,Project Manager,54603,4185,2024-07-04
997,Misty Bond,Male,57,R&D,Technical Support,92014,4992,2024-06-30
998,Matthew Werner,Female,31,Marketing,Systems Analyst,70314,3589,2024-06-11
999,Margaret Hale,Male,48,Legal,Project Manager,68153,2557,2024-06-16
1000,Phillip Deleon,Female,37,HR,Data Engineer,56624,1106,2024-06-16
1001,Reginald Campbell,Male,38,Procurement,HR Manager,119324,2342,2024-06-10
1002,David Griffin,Female,33,Finance,Database Administrator,51867,4615,2024-07-04
1003,Stacey Jimenez,Male,30,IT,Data Scientist,82078,3584,2024-06-22
1004,Kenneth Price,Female,50,Customer Service,Data Scientist,88370,2871,2024-06-16
1005,Peggy Craig,Female,32,IT,UI/UX Designer,106452,4962,2024-06-09
1006,Robert Shaw,Female,52,Finance,Data Engineer,57375,688,2024-06-20
1007,Stephanie Juarez,Female,30,Finance,Software Engineer,50999,283,2024-06-14
1008,Tammy Weber,Male,33,Operations,UI/UX Designer,52255,3569,2024-06-28
1009,Zachary Smith,Female,38,Procurement,IT Manager,102162,573,2024-06-09
1010,Morgan Harris,Male,40,Operations,Technical Support,52262,4115,2024-06-17
1011,Jennifer Benson,Male,29,IT,Data Engineer,93618,1705,2024-06-25
1012,Christopher Nelson,Female,58,HR,Project Manager,86860,54,2024-06-18
1013,Chad Smith II,Male,23,Legal,Systems Analyst,67756,211,2024-06-21
1014,Jade Lynch,Female,43,Customer Service,UI/UX Designer,113788,4691,2024-06-25
1015,Adam Sosa,Male,46,Sales,IT Manager,109416,4200,2024-07-01
1016,Cole Adkins,Male,32,IT,Security Analyst,92214,4300,2024-06-30
1017,Steven Hughes,Male,31,Procurement,Database Administrator,116405,4449,2024-06-16
1018,Beverly Franklin,Female,59,Marketing,Security Analyst,82548,4307,2024-06-17
1019,Margaret Hale,Female,33,Customer Service,Database Administrator,98354,4995,2024-06-20
1020,Lee Cardenas,Male,40,Procurement,Web Developer,63839,3057,2024-06-10
1021,Lindsey Gallagher,Female,54,Procurement,HR Manager,96739,1494,2024-06-30
1022,Brandon Pierce,Male,60,Finance,Project Manager,69971,3322,2024-06-15
1023,Nicole Morgan,Female,52,Legal,IT Manager,83754,2226,2024-06-22
1024,Henry Stevens,Male,43,Legal,Data Engineer,60808,12,2024-06-16
1025,Sarah Rivera,Female,58,Marketing,Network Administrator,117921,432,2024-07-04
1026,Russell Wilson,Male,60,Finance,Systems Analyst,74439,2413,2024-06-13
1027,Sean Schmidt,Female,52,Marketing,IT Manager,79341,4685,2024-06-30
1028,James Johnson,Female,22,Finance,Data Engineer,77332,2083,2024-06-23
1029,Jade Fry,Male,28,Sales,Data Scientist,99312,3904,2024-06-21
1030,Nicholas Fuller,Male,50,Sales,HR Manager,84384,1691,2024-06-26
1031,Lauren Jensen,Female,41,Procurement,Database Administrator,50199,4651,2024-06-09
1032,Michael Butler,Male,33,IT,HR Manager,83806,4197,2024-07-02
1033,Angel Green,Male,34,IT,DevOps Engineer,114203,4720,2024-06-18
1034,Cindy Johnston,Female,50,IT,Technical Support,50976,3085,2024-06-12
1035,David Mcdowell,Male,25,Marketing,Web Developer,86526,1369,2024-06-21
1036,Daniel Robbins,Male,57,HR,Data Scientist,79823,1839,2024-06-28
1037,Lee Cardenas,Female,22,R&D,UI/UX Designer,112728,481,2024-06-30
1038,Michele Nelson,Male,48,Procurement,HR Manager,67251,3031,2024-06-26
1039,Melissa Shaffer,Female,27,Marketing,DevOps Engineer,101776,4973,2024-07-04
1040,Jillian Smith,Male,52,HR,UI/UX Designer,112440,2663,2024-06-09
1041,Kaitlyn Morales,Female,50,Procurement,Database Administrator,56485,3942,2024-07-08
1042,Krista Gonzalez,Male,28,IT,DevOps Engineer,68542,126,2024-06-11
1043,Jennifer Malone,Male,26,Procurement,UI/UX Designer,73613,429,2024-06-27
1044,Robert Lucero,Male,31,HR,Systems Analyst,86700,3704,2024-07-07
1045,Robyn Thompson,Female,60,Sales,Network Administrator,74655,532,2024-06-21
1046,Jonathon Diaz,Male,32,Sales,Business Analyst,65861,3352,2024-06-28
1047,Elizabeth Aguirre,Male,27,Procurement,Network Administrator,64681,4669,2024-07-07
1048,Michael Mendoza,Female,31,IT,Systems Analyst,109087,270,2024-06-13
1049,Robert Villanueva,Male,54,Procurement,Network Administrator,57101,3691,2024-06-09
1050,Kenneth Payne,Male,24,Procurement,Network Administrator,57660,4592,2024-06-26
1051,Mr. Eric Anderson II,Male,50,IT,Systems Analyst,71497,4577,2024-06-23
1052,Andrew Henry,Female,60,Operations,Security Analyst,81234,4816,2024-06-12
1053,Julie Walter,Male,31,Sales,Technical Support,92037,1336,2024-07-07
1054,Paul Ramos,Female,37,Finance,IT Manager,107076,1131,2024-06-12
1055,Michele Mack,Male,27,HR,IT Manager,117385,315,2024-07-03
1056,Alejandra Smith,Female,48,Finance,IT Manager,65405,3878,2024-06-28
1057,Gerald Miller,Male,38,Finance,Security Analyst,89488,3423,2024-07-04
1058,Jessica Dixon,Female,27,Finance,Network Administrator,91987,3752,2024-06-21
1059,James Kent,Female,29,IT,Database Administrator,107284,444,2024-07-04
1060,Katrina Malone,Male,38,IT,IT Manager,64944,866,2024-07-07
1061,Kenneth Bailey,Male,23,Marketing,Technical Support,68328,1049,2024-06-27
1062,Mrs. Paula Davidson,Male,53,Customer Service,UI/UX Designer,51778,2993,2024-06-09
1063,Rhonda Waller,Female,30,Sales,HR Manager,101499,4189,2024-07-03
1064,Steven Welch,Male,33,Procurement,HR Manager,118173,2653,2024-06-09
1065,Joel Peterson,Male,33,Operations,Data Scientist,86190,3208,2024-06-26
1066,Robin Olson,Male,41,Sales,Web Developer,85692,1544,2024-06-23
1067,Mathew Lee,Male,32,Marketing,Web Developer,78464,4984,2024-06-08
1068,Gary Rodriguez,Male,56,HR,Software Engineer,105304,2789,2024-06-22
1069,Kayla Perry,Female,58,Legal,Security Analyst,89984,1395,2024-06-20
1070,Devon Rodgers,Female,48,Finance,Business Analyst,58407,1626,2024-06-26
1071,Regina Martin,Female,22,Finance,Database Administrator,71494,4271,2024-06-21
1072,Jordan Ryan,Male,54,Legal,Data Engineer,113429,1219,2024-06-22
1073,Nicole Wilson,Female,57,Marketing,Technical Support,115829,4411,2024-07-05
1074,Tyler Wong,Male,55,R&D,Data Scientist,71671,979,2024-06-27
1075,Melissa Webb,Male,48,Finance,Business Analyst,86681,69,2024-06-09
1076,Derek Lloyd,Female,29,Sales,HR Manager,68536,1685,2024-06-21
1077,Wesley Miller,Male,25,Marketing,DevOps Engineer,76050,3132,2024-06-26
1078,David Houston,Female,53,Finance,Business Analyst,50620,4813,2024-06-27
1079,Ellen Butler,Male,33,Procurement,Web Developer,105358,3360,2024-06-21
1080,Matthew Cruz,Male,33,R&D,UI/UX Designer,63054,852,2024-07-08
1081,Jill Gilbert,Female,58,R&D,Web Developer,57469,914,2024-07-08
1082,William Perkins,Female,26,Customer Service,Project Manager,118683,639,2024-06-12
1083,Dr. Jon Sanford DDS,Male,23,HR,HR Manager,66077,78,2024-07-05
1084,Samuel Little,Male,53,Legal,UI/UX Designer,116876,4882,2024-07-04
1085,Larry Baker,Female,49,IT,DevOps Engineer,73314,2886,2024-06-27
1086,Mark Lewis,Male,49,Customer Service,Web Developer,59711,742,2024-06-15
1087,Michelle Fuentes,Female,27,Customer Service,HR Manager,69289,1010,2024-06-20
1088,Christopher Rodriguez,Male,33,R&D,Security Analyst,98450,403,2024-06-11
1089,Vincent Douglas,Female,53,Legal,Business Analyst,64510,3616,2024-07-03
1090,Dennis Nelson,Male,58,Operations,Security Analyst,110583,89,2024-07-03
1091,Jay Lopez,Female,55,R&D,DevOps Engineer,57089,1255,2024-06-24
1092,Gregory Fisher,Male,58,IT,HR Manager,116048,1477,2024-06-13
1093,James Gutierrez MD,Female,53,Legal,Security Analyst,75189,1125,2024-06-15
1094,Michael Ryan,Female,41,R&D,Network Administrator,115712,3097,2024-06-22
1095,Tanya Conner,Female,26,Customer Service,Web Developer,61295,4299,2024-06-17
1096,Denise Johns,Male,31,HR,DevOps Engineer,101619,2369,2024-06-21
1097,Ryan Serrano,Male,51,Finance,Security Analyst,117102,1407,2024-06-24
1098,Devon Rodgers,Female,35,Marketing,DevOps Engineer,57039,4680,2024-06-08
1099,Mr. John Roy,Female,30,Operations,Security Analyst,88555,1086,2024-07-02
1100,Sophia Guzman,Male,40,Sales,Database Administrator,103635,4768,2024-07-01
1101,Anita Ferrell,Male,52,HR,Security Analyst,99913,681,2024-07-08
1102,Nicole Morris,Female,32,Operations,HR Manager,69889,1283,2024-07-03
1103,Lisa Sloan,Male,35,IT,Database Administrator,54397,2018,2024-06-18
1104,Cynthia Mann,Female,35,Finance,Data Engineer,63315,232,2024-07-04
1105,Benjamin Hodge,Male,43,Sales,DevOps Engineer,96115,49,2024-06-08
1106,Courtney Kent,Female,38,Sales,Data Scientist,117401,340,2024-06-22
1107,Patricia Hamilton,Female,50,Customer Service,HR Manager,53901,3342,2024-06-15
1108,Jerome Curtis,Female,32,Marketing,Security Analyst,116222,4276,2024-07-06
1109,Lindsey Mason,Female,33,Procurement,Network Administrator,112505,1713,2024-06-19
1110,April Stein,Female,36,Legal,IT Manager,67206,4320,2024-06-18
1111,Mr. Eric Anderson II,Female,39,Operations,Data Engineer,98732,2756,2024-06-09
1112,Lynn Ferrell,Male,30,Procurement,Technical Support,112695,1872,2024-06-10
1113,Robin Sanchez DDS,Male,30,IT,Systems Analyst,73700,1392,2024-07-04
1114,Jennifer Tate,Male,24,Sales,Business Analyst,75148,1257,2024-07-08
1115,Kimberly Newman,Female,47,HR,IT Manager,98816,93,2024-07-03
1116,Chase Mayo,Male,37,Customer Service,Project Manager,87507,4705,2024-07-02
1117,Sarah Jimenez,Male,23,Operations,Software Engineer,84664,456,2024-06-30
1118,Michael Mccall,Male,22,Marketing,Project Manager,82697,2349,2024-06-22
1119,Teresa Spencer,Female,47,Procurement,UI/UX Designer,68685,4574,2024-07-01
1120,Michael Ryan,Female,51,R&D,Technical Support,116554,4308,2024-06-29
1121,Richard Castro,Female,58,R&D,Web Developer,62383,2501,2024-06-27
1122,Chad Smith II,Female,55,Marketing,HR Manager,102082,4529,2024-06-28
1123,Kimberly Newman,Male,55,Legal,IT Manager,64463,4147,2024-06-15
1124,Emily Brock,Male,47,Finance,UI/UX Designer,90204,2742,2024-06-16
1125,Hector Sutton,Female,53,HR,Database Administrator,107700,774,2024-06-19
1126,Kristy Martinez,Female,51,Legal,Technical Support,77644,4309,2024-06-12
1127,Kathleen Day,Male,32,R&D,Technical Support,65971,843,2024-07-08
1128,Matthew Miller,Male,44,Legal,Software Engineer,84827,2547,2024-06-15
1129,Megan Kennedy,Male,23,Procurement,Data Scientist,108403,473,2024-06-15
1130,Chad Snyder,Male,49,HR,Web Developer,62213,3356,2024-06-20
1131,Anthony Sanders,Male,49,Customer Service,Network Administrator,81543,3892,2024-07-05
1132,Kenneth Price,Male,38,Operations,Technical Support,80804,2803,2024-06-13
1133,Kenneth Gordon,Male,59,Customer Service,Software Engineer,69985,1775,2024-07-05
1134,Robert Lucero,Female,34,Procurement,Technical Support,110872,1593,2024-06-23
1135,Krystal Higgins,Male,24,Finance,Technical Support,86829,596,2024-06-27
1136,Tamara Hamilton,Male,37,Procurement,Project Manager,51918,4836,2024-07-05
1137,Anthony Price,Female,36,Sales,Web Developer,81751,1018,2024-07-07
1138,Jason Martin,Female,22,Sales,Software Engineer,72724,3195,2024-06-13
1139,Ashley Sullivan,Male,29,HR,HR Manager,106803,1218,2024-07-04
1140,Eric Bennett,Female,33,Marketing,Database Administrator,53309,261,2024-06-14
1141,Michelle Fox,Male,44,Procurement,IT Manager,58955,1448,2024-07-03
1142,James Jordan,Male,48,Customer Service,Database Administrator,54687,916,2024-06-25
1143,Eric Edwards,Female,35,Marketing,Network Administrator,74487,4668,2024-06-29
1144,Valerie Mclean,Male,44,Marketing,Web Developer,58989,2720,2024-06-13
1145,Jose Wilcox DDS,Male,50,HR,Systems Analyst,67533,4198,2024-06-27
1146,Karen Weaver,Male,40,Finance,DevOps Engineer,82956,3743,2024-06-09
1147,Teresa Jefferson,Male,23,Sales,Web Developer,107399,2541,2024-06-17
1148,Robert Burgess,Male,33,Operations,Web Developer,81524,1454,2024-06-22
1149,Sabrina Case,Female,41,IT,UI/UX Designer,75459,1052,2024-06-17
1150,John Malone,Male,24,HR,Project Manager,100283,4732,2024-06-19
1151,Jeffrey Marshall,Male,29,Legal,UI/UX Designer,72486,4795,2024-06-13
1152,Carl Beck,Male,56,Customer Service,Data Engineer,51855,61,2024-07-06
1153,David Griffin,Male,46,IT,Software Engineer,84502,1717,2024-07-03
1154,Dennis Nelson,Female,28,Procurement,Network Administrator,101946,4170,2024-06-21
1155,Mary Pierce,Female,50,HR,Security Analyst,68082,3573,2024-06-14
1156,Brandi Hayes,Female,51,Procurement,UI/UX Designer,90365,514,2024-06-28
1157,Amber Hayes,Female,49,Legal,IT Manager,109688,3339,2024-06-09
1158,Alexandra Ford,Female,23,Customer Service,Security Analyst,80362,1524,2024-06-19
1159,Martin Smith,Female,26,Customer Service,HR Manager,69112,1598,2024-06-23
1160,James Morris,Male,24,Finance,UI/UX Designer,55411,1355,2024-07-06
1161,Kevin Davis,Male,56,Legal,Technical Support,63736,3157,2024-06-29
1162,Kim Douglas,Male,35,R&D,Security Analyst,94913,3016,2024-06-26
1163,Rickey Reynolds,Female,41,Customer Service,Business Analyst,51520,3507,2024-06-18
1164,Jessica Turner,Female,59,Procurement,Web Developer,107633,2644,2024-07-03
1165,Joseph Davidson,Male,28,Procurement,Network Administrator,55350,3672,2024-06-24
1166,Christine Wright,Male,38,Customer Service,Web Developer,100940,1284,2024-06-09
1167,Lori English,Male,36,Finance,Security Analyst,54681,2827,2024-06-20
1168,Brandon Eaton,Female,54,Legal,Technical Support,95969,536,2024-06-21
1169,Danielle Little,Female,46,Finance,Security Analyst,58619,2548,2024-06-25
1170,Erin Williams,Female,37,Marketing,Software Engineer,83968,3657,2024-07-07
1171,George Carr,Female,26,R&D,Web Developer,65789,4953,2024-07-07
1172,Kimberly Wallace PhD,Female,57,HR,Data Engineer,118299,1288,2024-06-24
1173,Emily Brock,Female,37,R&D,Project Manager,52160,3406,2024-06-26
1174,Kyle Pope,Female,44,Finance,Network Administrator,72893,4641,2024-06-23
1175,Brian Smith,Female,29,Operations,UI/UX Designer,114389,4078,2024-07-04
1176,Lori Smith,Female,35,IT,UI/UX Designer,85267,358,2024-06-26
1177,Lee Pruitt,Female,36,Procurement,Software Engineer,109218,4987,2024-06-26
1178,Ryan Jones,Male,27,Customer Service,Data Scientist,51828,3358,2024-06-17
1179,Timothy Moore,Male,52,Marketing,Data Scientist,91944,4784,2024-07-06
1180,Erin Williams,Male,51,Procurement,Software Engineer,111706,1504,2024-07-06
1181,Teresa Mooney,Female,58,R&D,Security Analyst,118281,3407,2024-06-25
1182,Donald Cohen,Male,39,Procurement,Database Administrator,119179,2956,2024-07-05
1183,Sarah Pacheco,Male,47,HR,Data Scientist,114325,4582,2024-06-19
1184,Amanda Grimes,Female,26,HR,UI/UX Designer,112131,992,2024-07-04
1185,Erin Bautista,Female,60,IT,Software Engineer,62786,950,2024-06-16
1186,Meghan Baldwin,Female,45,Procurement,Business Analyst,50095,1161,2024-07-01
1187,Cassidy Medina,Female,55,IT,DevOps Engineer,88116,4494,2024-06-30
1188,Ryan Serrano,Male,31,IT,Database Administrator,106640,1373,2024-06-14
1189,Kevin Davis,Female,56,Operations,Technical Support,75176,1732,2024-06-11
1190,William Jones,Female,33,Customer Service,HR Manager,85986,993,2024-06-30
1191,Clifford Kelly,Female,29,R&D,Technical Support,92968,577,2024-06-14
1192,Sandy Johnson,Male,24,Operations,Data Scientist,69590,4157,2024-06-24
1193,Ashley Sullivan,Male,22,Legal,DevOps Engineer,54832,2631,2024-06-21
1194,Christopher Holden,Male,49,Operations,Technical Support,104303,656,2024-07-08
1195,Cynthia Wallace,Male,22,Sales,Systems Analyst,62230,3149,2024-06-12
1196,Jessica Richmond,Female,60,R&D,Data Scientist,85919,4268,2024-07-03
1197,Gregory Jones,Male,54,R&D,UI/UX Designer,73740,3564,2024-06-15
1198,David Rodriguez,Female,39,R&D,Data Engineer,51934,2220,2024-06-09
1199,Kenneth Price,Female,35,Customer Service,UI/UX Designer,106712,3713,2024-06-25
1200,Tara Jacobs DDS,Male,33,Marketing,Business Analyst,63480,1229,2024-06-08
