EmployeeID,Name,TrainingProgram,StartDate,EndDate,Status
101,Kayla Rasmussen MD,Leadership Skills,2024-02-08,2024-06-24,Completed
102,Michael Mccall,Advanced SQL,2024-01-13,2024-07-07,Completed
103,Tracy Fletcher,Advanced SQL,2024-03-12,2024-07-07,Ongoing
104,Megan Kennedy,Advanced SQL,2024-04-22,2024-07-06,Completed
105,Sarah Rivera,Leadership Skills,2024-02-23,2024-06-19,Completed
106,Rhonda Waller,Cloud Computing,2024-01-18,2024-07-02,Completed
107,Denise Robinson,Cloud Computing,2024-03-31,2024-06-11,Completed
108,Kyle Tran,Cloud Computing,2024-06-19,2024-06-16,Ongoing
109,Melanie Gibbs,Leadership Skills,2024-06-19,2024-07-03,Completed
110,Megan Jones,Leadership Skills,2024-01-11,2024-06-14,Ongoing
111,Lisa Avila,Cloud Computing,2024-01-13,2024-06-24,Ongoing
112,Anthony Hernandez,Cloud Computing,2024-01-30,2024-06-15,Completed
113,Jeffrey Turner,Cloud Computing,2024-07-01,2024-07-02,Completed
114,William Aguirre,Advanced SQL,2024-07-02,2024-06-09,Completed
115,Alexandra Ford,Leadership Skills,2024-01-20,2024-06-24,Ongoing
116,Wanda Bennett,Advanced SQL,2024-02-17,2024-06-12,Completed
117,Timothy Richardson,Leadership Skills,2024-02-02,2024-07-03,Ongoing
118,Carol Davis MD,Advanced SQL,2024-03-19,2024-07-07,Completed
119,Kevin Mosley,Advanced SQL,2024-04-18,2024-06-19,Completed
120,Michael Perkins,Cloud Computing,2024-02-23,2024-06-26,Ongoing
121,Jon Poole,Leadership Skills,2024-02-04,2024-06-16,Completed
122,Isaac Goodwin,Advanced SQL,2024-03-06,2024-06-25,Ongoing
123,Tanya Wilson,Advanced SQL,2024-07-04,2024-06-17,Completed
124,Sherry Church,Leadership Skills,2024-03-22,2024-06-24,Completed
125,Jacob Howe,Cloud Computing,2024-04-19,2024-06-19,Ongoing
126,Victoria Nelson,Leadership Skills,2024-04-22,2024-06-27,Ongoing
127,Cynthia Maddox,Advanced SQL,2024-04-29,2024-06-20,Ongoing
128,David Roy,Advanced SQL,2024-05-16,2024-06-27,Ongoing
129,Linda Ramirez,Advanced SQL,2024-06-01,2024-06-27,Ongoing
130,Elizabeth Aguirre,Leadership Skills,2024-02-08,2024-06-29,Completed
131,Scott Hicks,Cloud Computing,2024-05-04,2024-06-24,Completed
132,Christine Wright,Cloud Computing,2024-02-05,2024-07-04,Completed
133,Jacqueline Bird,Cloud Computing,2024-06-22,2024-07-05,Ongoing
134,Amy Dixon,Cloud Computing,2024-05-28,2024-07-05,Completed
135,Jennifer Carey,Cloud Computing,2024-02-24,2024-06-08,Ongoing
136,Sharon Brown,Leadership Skills,2024-02-18,2024-07-07,Ongoing
137,Patricia Hernandez,Advanced SQL,2024-06-21,2024-07-04,Ongoing
138,Juan Holder,Leadership Skills,2024-03-10,2024-07-07,Completed
139,Daniel Meadows,Cloud Computing,2024-04-17,2024-06-13,Ongoing
140,John Taylor,Cloud Computing,2024-02-08,2024-06-10,Completed
141,Jillian Evans,Cloud Computing,2024-04-23,2024-06-23,Ongoing
142,Heather Moore,Leadership Skills,2024-04-30,2024-06-22,Completed
143,Jessica Fernandez,Leadership Skills,2024-01-17,2024-06-25,Completed
144,Sarah Jimenez,Cloud Computing,2024-02-21,2024-07-08,Completed
145,Gloria Madden,Advanced SQL,2024-02-08,2024-06-10,Ongoing
146,Brandy Rogers,Cloud Computing,2024-04-07,2024-07-07,Ongoing
147,Karen Coleman,Leadership Skills,2024-03-05,2024-06-08,Ongoing
148,Michael Ross,Cloud Computing,2024-03-02,2024-06-16,Completed
149,Cassandra Henderson,Advanced SQL,2024-02-09,2024-07-02,Ongoing
150,Karen Davis,Advanced SQL,2024-02-02,2024-07-07,Completed
151,Christopher Schneider,Cloud Computing,2024-04-06,2024-06-18,Completed
152,Jasmine Reed,Advanced SQL,2024-04-19,2024-06-08,Completed
153,Christopher Campbell,Advanced SQL,2024-03-05,2024-06-15,Ongoing
154,Marcia Soto,Cloud Computing,2024-04-03,2024-06-14,Ongoing
155,Jason Kent,Leadership Skills,2024-06-27,2024-06-11,Ongoing
156,Robin Sanchez DDS,Leadership Skills,2024-03-23,2024-06-19,Completed
157,Jackie Wallace,Advanced SQL,2024-05-08,2024-06-09,Ongoing
158,Mike Chen,Cloud Computing,2024-02-05,2024-06-27,Completed
159,Patrick Glass,Leadership Skills,2024-06-24,2024-06-10,Completed
160,Michael Randolph,Advanced SQL,2024-04-18,2024-06-09,Completed
161,Jessica Fernandez,Cloud Computing,2024-02-13,2024-06-15,Ongoing
162,Kathleen Ortega,Advanced SQL,2024-02-13,2024-06-22,Completed
163,Christine Wright,Cloud Computing,2024-03-07,2024-07-06,Completed
164,Megan Jones,Leadership Skills,2024-05-05,2024-07-07,Completed
165,Sean Schmidt,Leadership Skills,2024-03-04,2024-06-08,Completed
166,Tina Horn,Leadership Skills,2024-01-29,2024-07-07,Ongoing
167,Steven Reed,Leadership Skills,2024-02-11,2024-06-10,Completed
168,Tracy Collier,Advanced SQL,2024-05-21,2024-07-04,Completed
169,Robert Stone,Cloud Computing,2024-06-23,2024-06-29,Ongoing
170,Cindy Hawkins,Cloud Computing,2024-05-04,2024-06-10,Ongoing
171,Dana Brown,Cloud Computing,2024-04-12,2024-07-05,Ongoing
172,David Mcdowell,Cloud Computing,2024-04-28,2024-06-30,Completed
173,Jennifer Christian,Leadership Skills,2024-04-23,2024-06-26,Ongoing
174,Jeremy Griffin,Advanced SQL,2024-05-14,2024-06-17,Completed
175,Anthony Hernandez,Advanced SQL,2024-04-14,2024-06-29,Completed
176,Renee Lucas,Advanced SQL,2024-06-02,2024-07-05,Ongoing
177,Sheila Young,Advanced SQL,2024-06-01,2024-06-16,Completed
178,April Garner,Advanced SQL,2024-01-13,2024-06-28,Completed
179,Jose Wilcox DDS,Advanced SQL,2024-06-10,2024-06-08,Completed
180,Kelly Johnson,Cloud Computing,2024-03-01,2024-06-16,Ongoing
181,David Mcdowell,Cloud Computing,2024-05-30,2024-06-16,Ongoing
182,Krystal Higgins,Leadership Skills,2024-02-10,2024-06-22,Completed
183,Connie Dixon,Leadership Skills,2024-05-22,2024-07-04,Ongoing
184,Krista Richardson,Cloud Computing,2024-06-11,2024-07-07,Completed
185,Lisa Guzman,Leadership Skills,2024-06-08,2024-07-07,Completed
186,Steven Ford,Leadership Skills,2024-01-11,2024-07-04,Completed
187,Wendy Ray,Advanced SQL,2024-06-22,2024-06-21,Completed
188,Sharon Mcgee,Cloud Computing,2024-04-24,2024-06-18,Ongoing
189,Martin Smith,Cloud Computing,2024-07-08,2024-06-28,Ongoing
190,Wendy Ray,Leadership Skills,2024-07-02,2024-07-04,Ongoing
191,Renee Lucas,Leadership Skills,2024-06-02,2024-06-17,Ongoing
192,Elizabeth Sanchez,Leadership Skills,2024-06-02,2024-07-03,Ongoing
193,Alyssa Perez,Leadership Skills,2024-07-07,2024-06-29,Completed
194,Paul Ramos,Cloud Computing,2024-02-05,2024-06-27,Completed
195,Marcus Merritt,Cloud Computing,2024-03-29,2024-07-04,Ongoing
196,Dana Brown,Advanced SQL,2024-05-21,2024-07-01,Ongoing
197,Kevin Mosley,Advanced SQL,2024-04-30,2024-06-27,Completed
198,Laura Bowers,Advanced SQL,2024-03-21,2024-06-29,Ongoing
199,Charles Mcgee,Leadership Skills,2024-06-14,2024-07-07,Completed
200,Crystal Ray,Cloud Computing,2024-02-25,2024-06-19,Completed
201,Laura Johnston,Advanced SQL,2024-05-10,2024-07-04,Ongoing
202,Katie Hughes,Cloud Computing,2024-04-08,2024-07-08,Completed
203,Daniel Lee,Leadership Skills,2024-05-11,2024-06-27,Completed
204,Michelle Hernandez,Advanced SQL,2024-04-15,2024-06-25,Completed
205,Melanie Ross,Cloud Computing,2024-02-16,2024-06-12,Completed
206,Terri Hicks,Advanced SQL,2024-01-15,2024-06-17,Ongoing
207,Michele Fuller,Advanced SQL,2024-06-27,2024-06-30,Ongoing
208,Kristen Brown,Leadership Skills,2024-02-21,2024-06-21,Ongoing
209,Lauren Pope,Advanced SQL,2024-05-15,2024-06-18,Ongoing
210,Kelly Sanford,Cloud Computing,2024-05-18,2024-06-26,Completed
211,Christina Gomez,Leadership Skills,2024-03-06,2024-06-30,Completed
212,Patricia Davis,Cloud Computing,2024-06-08,2024-06-09,Ongoing
213,Crystal Howard DDS,Cloud Computing,2024-05-22,2024-06-18,Completed
214,Michael Sanchez,Leadership Skills,2024-02-21,2024-06-25,Completed
215,Gregory Gibbs,Leadership Skills,2024-06-26,2024-07-06,Ongoing
216,Anita Farley,Advanced SQL,2024-07-01,2024-07-02,Completed
217,Yvonne Garcia,Cloud Computing,2024-07-04,2024-06-08,Ongoing
218,Linda Miller,Advanced SQL,2024-01-20,2024-06-17,Ongoing
219,Daniel Clark,Leadership Skills,2024-02-03,2024-06-18,Completed
220,Jasmine Davenport,Leadership Skills,2024-02-26,2024-07-01,Ongoing
221,Thomas Norton,Cloud Computing,2024-04-21,2024-06-12,Completed
222,Warren Oneal,Leadership Skills,2024-03-11,2024-06-29,Completed
223,Paul Potter,Advanced SQL,2024-03-10,2024-06-13,Completed
224,Rachel Johnson,Cloud Computing,2024-04-19,2024-07-02,Ongoing
225,Daniel Robbins,Advanced SQL,2024-05-19,2024-06-14,Ongoing
226,Christopher Rodriguez,Cloud Computing,2024-06-13,2024-06-28,Completed
227,Brandi Little,Leadership Skills,2024-04-08,2024-06-25,Ongoing
228,Gregory Jones,Cloud Computing,2024-04-14,2024-06-21,Completed
229,Henry Allen,Leadership Skills,2024-03-11,2024-06-28,Completed
230,Brian Adams,Advanced SQL,2024-06-15,2024-07-05,Ongoing
231,Daniel Meadows,Advanced SQL,2024-04-17,2024-06-29,Ongoing
232,Steven Juarez,Advanced SQL,2024-01-17,2024-07-02,Ongoing
233,Jason Moss,Leadership Skills,2024-03-03,2024-06-30,Completed
234,Kevin Martinez,Cloud Computing,2024-03-19,2024-06-27,Ongoing
235,Robert Shaw,Advanced SQL,2024-05-21,2024-07-04,Completed
236,Mary Wright,Advanced SQL,2024-04-02,2024-06-12,Ongoing
237,Diane Schneider,Cloud Computing,2024-05-24,2024-06-18,Completed
238,Candace Olson,Cloud Computing,2024-04-26,2024-06-20,Completed
239,Samantha Sloan,Leadership Skills,2024-04-11,2024-07-05,Completed
240,Michelle Flores,Advanced SQL,2024-04-08,2024-07-08,Completed
241,Jeffrey Turner,Advanced SQL,2024-01-29,2024-07-07,Completed
242,Charles Gates,Cloud Computing,2024-04-07,2024-07-06,Completed
243,Kathleen Ortega,Cloud Computing,2024-04-13,2024-06-13,Ongoing
244,Charles Thompson,Advanced SQL,2024-04-11,2024-06-08,Completed
245,Danielle Mccarthy,Cloud Computing,2024-01-17,2024-07-03,Ongoing
246,Cole Mccall,Cloud Computing,2024-01-11,2024-07-05,Completed
247,Steven Dyer,Cloud Computing,2024-01-13,2024-06-18,Ongoing
248,Joseph Gonzalez,Cloud Computing,2024-02-02,2024-06-11,Ongoing
249,Laura Wilson,Leadership Skills,2024-03-17,2024-07-04,Ongoing
250,Steven Erickson,Cloud Computing,2024-06-26,2024-07-07,Completed
251,Diane Taylor,Leadership Skills,2024-03-02,2024-06-29,Completed
252,Veronica Boyer,Advanced SQL,2024-02-29,2024-06-16,Completed
253,Mrs. Debra Giles,Advanced SQL,2024-06-04,2024-06-21,Ongoing
254,Michael Sanchez,Leadership Skills,2024-04-07,2024-07-08,Completed
255,John Chen,Leadership Skills,2024-02-13,2024-06-12,Ongoing
256,Ashley Charles,Cloud Computing,2024-05-20,2024-07-01,Completed
257,Catherine Joseph,Advanced SQL,2024-03-24,2024-06-18,Ongoing
258,Sandy Johnson,Leadership Skills,2024-03-09,2024-06-08,Ongoing
259,Barbara Moses,Cloud Computing,2024-02-17,2024-06-18,Ongoing
260,Ronald Myers,Advanced SQL,2024-04-27,2024-06-20,Completed
261,Elizabeth Dixon,Cloud Computing,2024-03-01,2024-06-27,Completed
262,Martin Smith,Cloud Computing,2024-06-13,2024-07-06,Ongoing
263,Kyle Weber MD,Leadership Skills,2024-03-25,2024-07-06,Completed
264,Theresa Robbins,Advanced SQL,2024-05-07,2024-06-08,Completed
265,Tara Pope,Leadership Skills,2024-02-23,2024-07-06,Ongoing
266,Laura Smith,Cloud Computing,2024-02-08,2024-06-27,Completed
267,David Bennett,Leadership Skills,2024-05-19,2024-07-07,Completed
268,Jerome Curtis,Leadership Skills,2024-02-23,2024-07-01,Ongoing
269,Donald Cohen,Advanced SQL,2024-02-03,2024-06-14,Ongoing
270,Emily Williams,Advanced SQL,2024-01-27,2024-06-19,Completed
271,Johnny Johnson,Cloud Computing,2024-04-25,2024-06-22,Completed
272,Dr. Jon Sanford DDS,Leadership Skills,2024-02-14,2024-06-26,Completed
273,David Roy,Cloud Computing,2024-02-29,2024-06-10,Completed
274,Vincent Douglas,Cloud Computing,2024-03-23,2024-06-21,Completed
275,John Chen,Leadership Skills,2024-03-27,2024-07-01,Completed
276,Julia Sullivan,Leadership Skills,2024-06-05,2024-06-26,Completed
277,Matthew Brennan,Advanced SQL,2024-06-19,2024-06-09,Ongoing
278,Tyler Campbell,Leadership Skills,2024-02-08,2024-06-20,Ongoing
279,Tiffany Moses,Cloud Computing,2024-05-19,2024-07-02,Completed
280,Bradley Simmons,Advanced SQL,2024-06-21,2024-06-12,Ongoing
281,Lynn Ferrell,Advanced SQL,2024-06-01,2024-06-23,Completed
282,Cassidy Medina,Cloud Computing,2024-01-28,2024-06-28,Completed
283,Theresa Robbins,Leadership Skills,2024-01-12,2024-06-08,Ongoing
284,Renee Lucas,Cloud Computing,2024-06-16,2024-06-13,Ongoing
285,Jason Higgins,Leadership Skills,2024-06-05,2024-06-12,Completed
286,Drew Evans,Leadership Skills,2024-05-13,2024-07-07,Ongoing
287,Kaitlyn Morales,Advanced SQL,2024-07-05,2024-06-23,Ongoing
288,Emily Williams,Advanced SQL,2024-04-24,2024-07-08,Completed
289,Matthew Arias,Leadership Skills,2024-06-09,2024-06-29,Completed
290,Kelly Johnson,Leadership Skills,2024-05-16,2024-06-15,Ongoing
291,Lori Jackson,Leadership Skills,2024-01-15,2024-06-29,Ongoing
292,Sarah Rivera,Leadership Skills,2024-04-20,2024-06-12,Ongoing
293,David Rodriguez,Cloud Computing,2024-02-20,2024-07-03,Completed
294,Kayla Huffman PhD,Advanced SQL,2024-05-08,2024-06-18,Ongoing
295,Brenda Rodgers,Advanced SQL,2024-06-01,2024-06-20,Completed
296,Kyle Pope,Advanced SQL,2024-03-10,2024-06-24,Ongoing
297,Juan Holder,Advanced SQL,2024-05-18,2024-06-12,Ongoing
298,Adrian Mckenzie,Leadership Skills,2024-04-04,2024-06-14,Ongoing
299,Joseph Davidson,Cloud Computing,2024-01-25,2024-06-19,Completed
300,Nathan Forbes,Cloud Computing,2024-05-27,2024-06-13,Completed
301,Ryan Thompson,Cloud Computing,2024-03-17,2024-07-06,Completed
302,Jennifer Carey,Advanced SQL,2024-02-24,2024-06-20,Completed
303,Jennifer Holloway,Cloud Computing,2024-03-14,2024-06-28,Ongoing
304,William Ramirez,Leadership Skills,2024-01-25,2024-06-16,Ongoing
305,Mr. David Morris Jr.,Leadership Skills,2024-01-15,2024-07-07,Ongoing
306,Jeffery Gomez,Leadership Skills,2024-06-07,2024-06-21,Ongoing
307,Mark Pruitt,Advanced SQL,2024-01-31,2024-07-07,Ongoing
308,Wendy Gray,Advanced SQL,2024-05-30,2024-07-08,Ongoing
309,Hector Sutton,Cloud Computing,2024-04-16,2024-06-30,Ongoing
310,Jennifer Pace,Cloud Computing,2024-04-14,2024-07-01,Ongoing
311,Andre Phillips,Cloud Computing,2024-03-19,2024-06-28,Ongoing
312,Jeffery Gomez,Leadership Skills,2024-02-18,2024-06-28,Completed
313,Jessica Dixon,Advanced SQL,2024-04-04,2024-06-20,Ongoing
314,Shari Watson,Cloud Computing,2024-02-26,2024-06-13,Completed
315,Trevor Smith,Cloud Computing,2024-05-01,2024-06-28,Completed
316,Holly Garcia,Cloud Computing,2024-06-28,2024-07-02,Ongoing
317,Amy Jones,Advanced SQL,2024-03-06,2024-06-29,Completed
318,Charles Mcgee,Leadership Skills,2024-05-15,2024-06-18,Ongoing
319,Michael Campbell,Advanced SQL,2024-04-09,2024-06-24,Completed
320,Lisa Hess,Leadership Skills,2024-03-12,2024-06-24,Ongoing
321,Cassandra Johnston,Advanced SQL,2024-07-01,2024-06-19,Ongoing
322,Nicholas Fuller,Leadership Skills,2024-02-28,2024-06-22,Ongoing
323,Steven Drake,Cloud Computing,2024-02-12,2024-06-20,Ongoing
324,Barbara Moses,Cloud Computing,2024-02-14,2024-06-21,Ongoing
325,Sarah Hart,Leadership Skills,2024-04-09,2024-06-08,Ongoing
326,Veronica Boyer,Advanced SQL,2024-05-04,2024-06-26,Ongoing
327,Courtney Barry DDS,Leadership Skills,2024-01-26,2024-06-27,Ongoing
328,Diana Hurley,Cloud Computing,2024-06-06,2024-06-21,Ongoing
329,Justin Escobar,Cloud Computing,2024-04-19,2024-07-07,Ongoing
330,Kathleen Day,Cloud Computing,2024-04-19,2024-06-08,Ongoing
331,Kirk Baker,Leadership Skills,2024-03-28,2024-07-08,Ongoing
332,John Taylor,Cloud Computing,2024-01-13,2024-06-20,Ongoing
333,Melissa Richmond,Leadership Skills,2024-02-24,2024-06-11,Completed
334,Lindsey Mason,Cloud Computing,2024-05-12,2024-06-13,Ongoing
335,Cynthia Maddox,Advanced SQL,2024-04-29,2024-06-17,Ongoing
336,Jillian Smith,Cloud Computing,2024-07-06,2024-06-13,Ongoing
337,Charles Gates,Leadership Skills,2024-06-17,2024-07-05,Completed
338,Sara Reynolds,Advanced SQL,2024-05-18,2024-06-18,Ongoing
339,Sandy Blankenship,Advanced SQL,2024-03-25,2024-06-25,Completed
340,Isaac Goodwin,Leadership Skills,2024-04-02,2024-06-26,Ongoing
341,Renee Lucas,Leadership Skills,2024-01-20,2024-06-30,Ongoing
342,Jason Vargas,Leadership Skills,2024-04-08,2024-06-12,Completed
343,Bryan Ross,Cloud Computing,2024-07-05,2024-06-23,Ongoing
344,Sarah Strong,Leadership Skills,2024-03-11,2024-07-03,Completed
345,Ruben Flores,Leadership Skills,2024-05-13,2024-07-06,Completed
346,Joseph Williams,Leadership Skills,2024-02-21,2024-06-09,Ongoing
347,Michelle Turner,Leadership Skills,2024-06-25,2024-07-04,Ongoing
348,Emily Brock,Cloud Computing,2024-03-06,2024-06-14,Completed
349,Jasmine Davenport,Advanced SQL,2024-03-08,2024-06-19,Ongoing
350,Denise Robinson,Leadership Skills,2024-04-15,2024-07-08,Ongoing
351,Lucas Pham,Leadership Skills,2024-04-19,2024-06-26,Completed
352,Lisa Skinner,Advanced SQL,2024-01-22,2024-06-21,Completed
353,Ann Reyes,Cloud Computing,2024-06-02,2024-06-14,Ongoing
354,Renee Berg,Leadership Skills,2024-03-23,2024-07-04,Ongoing
355,Douglas Lee,Cloud Computing,2024-06-27,2024-07-03,Completed
356,Kevin Martinez,Advanced SQL,2024-06-21,2024-06-11,Ongoing
357,Kevin Melton MD,Cloud Computing,2024-06-09,2024-07-06,Ongoing
358,John Contreras,Cloud Computing,2024-05-22,2024-06-12,Ongoing
359,Matthew Miller,Cloud Computing,2024-03-08,2024-06-23,Completed
360,Maria Garcia,Advanced SQL,2024-05-03,2024-07-06,Completed
361,Renee Berg,Cloud Computing,2024-05-23,2024-07-02,Completed
362,Candace Cortez,Cloud Computing,2024-06-16,2024-06-22,Completed
363,Eric Clark,Advanced SQL,2024-03-31,2024-06-10,Ongoing
364,Thomas Gordon,Cloud Computing,2024-06-02,2024-06-25,Completed
365,Amy West,Advanced SQL,2024-01-27,2024-06-25,Ongoing
366,Edward Perkins,Cloud Computing,2024-05-12,2024-07-02,Ongoing
367,Deborah Kelley,Cloud Computing,2024-05-06,2024-06-28,Completed
368,Traci Weeks,Leadership Skills,2024-02-03,2024-06-09,Completed
369,Stephanie Haynes,Leadership Skills,2024-04-29,2024-07-05,Completed
370,Mark Lewis,Advanced SQL,2024-07-04,2024-06-17,Completed
371,Jessica Robinson,Cloud Computing,2024-01-22,2024-06-25,Ongoing
372,Mark Lewis,Leadership Skills,2024-03-31,2024-06-21,Completed
373,Renee Lucas,Cloud Computing,2024-02-24,2024-06-27,Completed
374,Tracy Collier,Leadership Skills,2024-02-04,2024-06-12,Ongoing
375,Sharon Johnson,Advanced SQL,2024-06-30,2024-06-26,Ongoing
376,Jerome Curtis,Cloud Computing,2024-02-25,2024-07-06,Completed
377,Chase Williams,Cloud Computing,2024-04-16,2024-06-23,Completed
378,Andrew Clayton,Advanced SQL,2024-02-05,2024-06-11,Ongoing
379,Kimberly Randolph,Cloud Computing,2024-05-10,2024-06-26,Completed
380,Laura Wilson,Leadership Skills,2024-03-23,2024-07-03,Ongoing
381,Kristen Jenkins,Leadership Skills,2024-01-16,2024-07-04,Completed
382,Ashley Brooks,Leadership Skills,2024-04-19,2024-07-05,Completed
383,Steven Drake,Leadership Skills,2024-05-19,2024-07-05,Completed
384,Michelle Fox,Leadership Skills,2024-06-20,2024-07-06,Ongoing
385,Jennifer Pace,Leadership Skills,2024-01-30,2024-06-14,Ongoing
386,Reginald Campbell,Cloud Computing,2024-05-16,2024-06-12,Ongoing
387,Terry Howard,Advanced SQL,2024-03-13,2024-06-14,Completed
388,Elizabeth Sanchez,Leadership Skills,2024-06-28,2024-06-29,Completed
389,Matthew Lawrence,Cloud Computing,2024-04-13,2024-06-13,Ongoing
390,Robyn Thompson,Cloud Computing,2024-07-06,2024-07-02,Completed
391,Dennis Nelson,Leadership Skills,2024-03-21,2024-06-29,Ongoing
392,Timothy Moore,Leadership Skills,2024-06-10,2024-06-30,Ongoing
393,Steven Juarez,Leadership Skills,2024-07-01,2024-06-08,Ongoing
394,James Gutierrez MD,Advanced SQL,2024-05-13,2024-06-29,Ongoing
395,Kayla Reyes,Cloud Computing,2024-06-03,2024-07-05,Ongoing
396,Steve Jones,Leadership Skills,2024-06-17,2024-06-14,Completed
397,Andrew Collins,Cloud Computing,2024-04-01,2024-06-28,Ongoing
398,Brandon King,Leadership Skills,2024-03-15,2024-07-07,Ongoing
399,Tracy Collier,Cloud Computing,2024-04-07,2024-06-09,Ongoing
400,Cheryl Kirby,Cloud Computing,2024-04-13,2024-06-20,Completed
401,Rickey Reynolds,Cloud Computing,2024-01-24,2024-06-15,Completed
402,Melanie Jones,Leadership Skills,2024-04-30,2024-06-24,Ongoing
403,Karen Coleman,Cloud Computing,2024-03-28,2024-07-06,Ongoing
404,Jacob Dillon,Advanced SQL,2024-03-19,2024-06-22,Ongoing
405,Brian Olson,Leadership Skills,2024-02-16,2024-07-04,Completed
406,Eric Clark,Leadership Skills,2024-03-30,2024-06-11,Ongoing
407,Robyn Thompson,Leadership Skills,2024-05-15,2024-07-06,Ongoing
408,Susan Franco,Cloud Computing,2024-02-25,2024-06-30,Ongoing
409,Jessica Richmond,Leadership Skills,2024-06-15,2024-06-15,Completed
410,Nicholas Adams,Cloud Computing,2024-06-12,2024-06-24,Completed
411,Adrian Cole,Cloud Computing,2024-04-13,2024-07-02,Ongoing
412,Carol Sullivan,Leadership Skills,2024-05-29,2024-06-15,Completed
413,Jared Baird IV,Cloud Computing,2024-07-04,2024-07-01,Completed
414,Timothy Woods,Leadership Skills,2024-07-05,2024-07-02,Ongoing
415,David Aguilar,Advanced SQL,2024-05-08,2024-06-15,Completed
416,Jessica Turner,Cloud Computing,2024-06-02,2024-06-24,Ongoing
417,Jennifer Carey,Leadership Skills,2024-02-08,2024-06-29,Completed
418,Jenny Bennett,Leadership Skills,2024-02-11,2024-06-16,Ongoing
419,Angela Wilkerson,Cloud Computing,2024-04-25,2024-07-04,Ongoing
420,Melissa Shaffer,Cloud Computing,2024-01-17,2024-06-28,Ongoing
421,Shawn Ford,Leadership Skills,2024-01-18,2024-07-01,Completed
422,Scott Hicks,Advanced SQL,2024-05-25,2024-06-09,Completed
423,Samantha Sloan,Leadership Skills,2024-04-14,2024-06-12,Ongoing
424,Julie Cochran,Leadership Skills,2024-04-09,2024-06-12,Ongoing
425,Theresa Robbins,Advanced SQL,2024-02-07,2024-07-07,Completed
426,Dr. Henry Martin,Leadership Skills,2024-02-29,2024-06-26,Ongoing
427,Lauren Pope,Leadership Skills,2024-07-06,2024-06-25,Completed
428,Michael Shepard,Cloud Computing,2024-03-25,2024-07-02,Completed
429,Robert Shaw,Leadership Skills,2024-03-11,2024-07-05,Ongoing
430,James Robinson,Cloud Computing,2024-06-20,2024-06-18,Ongoing
431,Paul Bailey,Cloud Computing,2024-06-16,2024-06-29,Completed
432,Dawn Day,Cloud Computing,2024-03-08,2024-07-04,Ongoing
433,Kyle Pope,Leadership Skills,2024-01-27,2024-06-21,Ongoing
434,Traci Weeks,Cloud Computing,2024-04-01,2024-06-12,Ongoing
435,Melanie Jones,Cloud Computing,2024-01-10,2024-06-30,Completed
436,Lori Smith,Cloud Computing,2024-03-09,2024-06-25,Ongoing
437,Matthew Ramirez,Leadership Skills,2024-06-14,2024-06-29,Completed
438,Candace Olson,Cloud Computing,2024-05-19,2024-06-25,Completed
439,Kayla Huffman PhD,Advanced SQL,2024-06-21,2024-06-09,Completed
440,Sandra Scott,Leadership Skills,2024-06-13,2024-06-11,Completed
441,Robin Houston,Cloud Computing,2024-05-13,2024-06-08,Ongoing
442,Michael Campbell,Leadership Skills,2024-03-05,2024-07-05,Completed
443,Mr. Zachary Anderson,Advanced SQL,2024-01-28,2024-07-04,Completed
444,Craig Holland,Advanced SQL,2024-04-07,2024-07-05,Completed
445,Kathy Hoffman,Cloud Computing,2024-04-08,2024-07-02,Completed
446,Victoria Cooper,Cloud Computing,2024-03-09,2024-06-28,Ongoing
447,Ms. Tonya Grant,Advanced SQL,2024-07-07,2024-07-01,Ongoing
448,Jason Vargas,Leadership Skills,2024-02-02,2024-06-21,Completed
449,Linda Miller,Advanced SQL,2024-06-17,2024-06-30,Ongoing
450,Regina Martin,Advanced SQL,2024-03-06,2024-06-16,Completed
451,Desiree Marks,Cloud Computing,2024-02-19,2024-06-08,Ongoing
452,Lori Hicks,Cloud Computing,2024-03-05,2024-07-02,Completed
453,Bradley Carpenter,Cloud Computing,2024-06-23,2024-07-01,Completed
454,Theresa King,Leadership Skills,2024-01-28,2024-06-08,Completed
455,Ashley Richard,Leadership Skills,2024-03-03,2024-06-26,Completed
456,Melissa Richmond,Advanced SQL,2024-05-13,2024-06-11,Completed
457,Justin Escobar,Leadership Skills,2024-03-16,2024-06-28,Ongoing
458,Jennifer Jackson,Advanced SQL,2024-06-11,2024-06-14,Completed
459,Linda Caldwell,Leadership Skills,2024-01-20,2024-06-14,Ongoing
460,Daniel Meadows,Leadership Skills,2024-05-31,2024-06-12,Ongoing
461,Melissa Lopez,Advanced SQL,2024-03-31,2024-06-13,Ongoing
462,Kelly Sanford,Advanced SQL,2024-05-10,2024-06-17,Ongoing
463,Amanda Martin,Cloud Computing,2024-05-16,2024-07-08,Ongoing
464,Bryan Ross,Leadership Skills,2024-03-04,2024-06-21,Ongoing
465,Melissa Chavez,Advanced SQL,2024-06-29,2024-06-12,Ongoing
466,Daniel Clark,Advanced SQL,2024-06-03,2024-07-01,Ongoing
467,Mrs. Pamela Brown,Cloud Computing,2024-01-25,2024-07-08,Completed
468,Jonathan James,Advanced SQL,2024-02-19,2024-07-03,Ongoing
469,Cynthia Quinn,Advanced SQL,2024-06-07,2024-06-30,Completed
470,Justin Ruiz,Cloud Computing,2024-01-18,2024-06-29,Completed
471,April Stein,Advanced SQL,2024-03-16,2024-06-25,Ongoing
472,Tiffany Jacobson,Advanced SQL,2024-01-27,2024-06-17,Ongoing
473,Lori English,Advanced SQL,2024-02-22,2024-06-27,Completed
474,Richard Schneider,Leadership Skills,2024-05-30,2024-06-11,Ongoing
475,Pamela Jenkins,Cloud Computing,2024-03-29,2024-07-03,Ongoing
476,Mary Wright,Cloud Computing,2024-07-01,2024-06-17,Ongoing
477,Dylan Lopez,Advanced SQL,2024-04-17,2024-06-26,Ongoing
478,Melanie Gibbs,Advanced SQL,2024-04-28,2024-06-08,Ongoing
479,Hannah Myers,Leadership Skills,2024-03-06,2024-06-08,Ongoing
480,Candace Olson,Leadership Skills,2024-06-28,2024-06-30,Ongoing
481,Jay Davis,Leadership Skills,2024-04-09,2024-06-24,Ongoing
482,Anthony Lopez,Leadership Skills,2024-04-22,2024-06-08,Ongoing
483,Julie Garrison,Cloud Computing,2024-04-06,2024-07-03,Ongoing
484,David Sullivan,Leadership Skills,2024-06-21,2024-06-20,Completed
485,Erin Williams,Cloud Computing,2024-04-30,2024-06-09,Completed
486,Jennifer Morgan,Leadership Skills,2024-03-03,2024-06-08,Ongoing
487,Derek Lloyd,Cloud Computing,2024-03-20,2024-06-12,Completed
488,Alejandra Smith,Advanced SQL,2024-02-11,2024-06-23,Completed
489,Amanda Richardson,Cloud Computing,2024-05-15,2024-06-17,Ongoing
490,Jillian Evans,Cloud Computing,2024-03-09,2024-06-19,Ongoing
491,Ashley Charles,Advanced SQL,2024-01-16,2024-06-21,Completed
492,Seth Mckee,Cloud Computing,2024-01-11,2024-06-27,Completed
493,Melissa Shaffer,Advanced SQL,2024-07-06,2024-06-11,Completed
494,Cheryl Kirby,Advanced SQL,2024-03-03,2024-06-22,Completed
495,Gloria Madden,Advanced SQL,2024-06-05,2024-06-16,Ongoing
496,Stephen Swanson DVM,Leadership Skills,2024-03-12,2024-06-22,Completed
497,Jeffery Jones,Cloud Computing,2024-03-06,2024-06-27,Completed
498,Christopher Holden,Cloud Computing,2024-01-18,2024-06-18,Completed
499,Lauren Schneider,Leadership Skills,2024-03-28,2024-06-21,Ongoing
500,Jasmine Reed,Leadership Skills,2024-03-21,2024-06-09,Completed
501,Diane Taylor,Cloud Computing,2024-03-18,2024-07-01,Ongoing
502,Stephanie Juarez,Advanced SQL,2024-03-09,2024-06-18,Completed
503,Charles Gates,Cloud Computing,2024-03-10,2024-07-01,Completed
504,Sarah Miller,Cloud Computing,2024-03-14,2024-07-01,Ongoing
505,Keith Charles,Advanced SQL,2024-05-24,2024-06-28,Ongoing
506,Dr. Jon Sanford DDS,Leadership Skills,2024-03-12,2024-07-03,Ongoing
507,Ronald Myers,Cloud Computing,2024-03-10,2024-06-17,Ongoing
508,Cheryl Carney,Advanced SQL,2024-01-11,2024-06-26,Completed
509,Anna Holt,Leadership Skills,2024-01-28,2024-06-10,Ongoing
510,Michael Crawford,Leadership Skills,2024-06-02,2024-06-27,Completed
511,David Lucas,Leadership Skills,2024-03-17,2024-06-10,Completed
512,Patrick Taylor,Cloud Computing,2024-01-23,2024-06-21,Completed
513,Cynthia Garcia,Cloud Computing,2024-07-05,2024-06-19,Ongoing
514,Kathryn Gilbert,Leadership Skills,2024-06-12,2024-06-18,Ongoing
515,Carol Sullivan,Advanced SQL,2024-02-17,2024-06-30,Completed
516,Melissa Shaffer,Leadership Skills,2024-04-09,2024-06-18,Completed
517,Kelsey Livingston,Cloud Computing,2024-06-02,2024-06-22,Completed
518,Lucas Pham,Cloud Computing,2024-07-04,2024-06-21,Ongoing
519,Cheryl Kirby,Advanced SQL,2024-04-07,2024-06-11,Ongoing
520,Mr. Zachary Anderson,Cloud Computing,2024-06-15,2024-07-03,Completed
521,Stephanie Juarez,Leadership Skills,2024-04-24,2024-06-16,Ongoing
522,Pamela Jenkins,Advanced SQL,2024-03-20,2024-06-08,Ongoing
523,Dawn Khan,Advanced SQL,2024-06-23,2024-07-03,Ongoing
524,Lauren Phillips,Cloud Computing,2024-06-24,2024-06-14,Completed
525,Paul Dunlap,Leadership Skills,2024-01-16,2024-06-26,Completed
526,Paul Ramos,Cloud Computing,2024-06-12,2024-06-29,Ongoing
527,Anne Keller,Leadership Skills,2024-01-29,2024-06-19,Completed
528,Angela Michael,Leadership Skills,2024-03-19,2024-06-08,Ongoing
529,Joel Peterson,Leadership Skills,2024-06-26,2024-06-13,Completed
530,Kayla Huffman PhD,Cloud Computing,2024-04-26,2024-06-09,Completed
531,Richard Castro,Advanced SQL,2024-05-10,2024-06-12,Completed
532,Kristy Martinez,Cloud Computing,2024-06-03,2024-07-04,Ongoing
533,Paul Lee,Leadership Skills,2024-05-04,2024-06-29,Ongoing
534,Albert Middleton,Cloud Computing,2024-02-05,2024-06-24,Ongoing
535,Johnny Johnson,Leadership Skills,2024-05-07,2024-07-05,Ongoing
536,Amber Cruz,Cloud Computing,2024-02-07,2024-06-25,Completed
537,Mr. Trevor Duncan,Advanced SQL,2024-06-04,2024-06-09,Ongoing
538,James Castillo,Leadership Skills,2024-03-24,2024-07-07,Ongoing
539,Tina Livingston,Cloud Computing,2024-06-10,2024-07-01,Ongoing
540,James Robertson,Advanced SQL,2024-02-16,2024-07-01,Completed
541,David Chavez,Advanced SQL,2024-02-13,2024-06-09,Completed
542,Christopher Holden,Cloud Computing,2024-05-29,2024-06-24,Completed
543,Kevin Martinez,Cloud Computing,2024-02-12,2024-07-01,Completed
544,Ryan Thompson,Leadership Skills,2024-03-27,2024-07-08,Completed
545,Cassandra Johnston,Leadership Skills,2024-07-02,2024-06-26,Ongoing
546,Meghan Baldwin,Leadership Skills,2024-07-02,2024-06-15,Completed
547,Amy Robinson,Leadership Skills,2024-04-24,2024-06-18,Ongoing
548,Jacqueline Bird,Leadership Skills,2024-06-23,2024-06-15,Ongoing
549,Jennifer Benson,Advanced SQL,2024-02-18,2024-07-02,Completed
550,Ashley Richard,Cloud Computing,2024-07-07,2024-06-16,Ongoing
551,Carlos Tate,Cloud Computing,2024-02-01,2024-06-24,Completed
552,Steven Ford,Leadership Skills,2024-01-10,2024-06-20,Completed
553,Ryan Rogers,Leadership Skills,2024-05-22,2024-06-12,Completed
554,Andrea Cox,Cloud Computing,2024-02-02,2024-06-20,Completed
555,Robert Burgess,Advanced SQL,2024-02-12,2024-06-26,Ongoing
556,Zachary Jensen,Leadership Skills,2024-06-07,2024-06-15,Ongoing
557,Anna Schneider,Leadership Skills,2024-04-09,2024-06-15,Ongoing
558,Jacob Schroeder,Leadership Skills,2024-06-30,2024-06-14,Completed
559,Lauren Jensen,Cloud Computing,2024-06-27,2024-06-28,Ongoing
560,Eric Foster,Leadership Skills,2024-01-17,2024-06-22,Ongoing
561,Diane Jones,Advanced SQL,2024-05-09,2024-06-13,Completed
562,Lindsey Forbes,Advanced SQL,2024-05-24,2024-06-25,Completed
563,Audrey Lyons,Cloud Computing,2024-01-23,2024-07-03,Completed
564,Paul Dunlap,Advanced SQL,2024-01-16,2024-06-18,Completed
565,Andrea Mullins,Advanced SQL,2024-02-18,2024-06-19,Ongoing
566,Kristen Jenkins,Leadership Skills,2024-04-19,2024-07-07,Ongoing
567,Catherine Johnson,Leadership Skills,2024-04-26,2024-06-23,Completed
568,Douglas Lee,Advanced SQL,2024-04-20,2024-07-07,Ongoing
569,Michael Kaiser,Leadership Skills,2024-06-02,2024-07-02,Ongoing
570,Peggy Craig,Cloud Computing,2024-03-19,2024-07-04,Ongoing
571,Carla Cox,Leadership Skills,2024-06-30,2024-06-20,Ongoing
572,Dennis Nelson,Advanced SQL,2024-04-05,2024-06-11,Completed
573,Daniel Reyes,Advanced SQL,2024-02-07,2024-06-12,Ongoing
574,Michele Fuller,Advanced SQL,2024-06-03,2024-07-01,Ongoing
575,Karen Collins,Advanced SQL,2024-04-05,2024-06-29,Completed
576,Drew Evans,Advanced SQL,2024-05-27,2024-06-10,Ongoing
577,Colton Smith,Advanced SQL,2024-03-22,2024-06-22,Completed
578,Jeffrey Young,Advanced SQL,2024-05-20,2024-06-16,Ongoing
579,Susan Miller,Cloud Computing,2024-01-11,2024-06-28,Completed
580,Gregory Clark,Leadership Skills,2024-06-04,2024-06-30,Completed
581,Preston Owen,Advanced SQL,2024-01-23,2024-07-07,Ongoing
582,Shari Watson,Leadership Skills,2024-02-21,2024-06-27,Ongoing
583,April Garner,Leadership Skills,2024-03-18,2024-06-22,Ongoing
584,Sarah Rivera,Advanced SQL,2024-04-25,2024-07-06,Ongoing
585,Tiffany Jacobson,Advanced SQL,2024-02-19,2024-06-11,Completed
586,Matthew Miller,Leadership Skills,2024-04-02,2024-07-08,Completed
587,Shawn Warren,Leadership Skills,2024-03-24,2024-07-08,Ongoing
588,Paul Ramos,Leadership Skills,2024-05-13,2024-07-05,Ongoing
589,Johnny Johnson,Advanced SQL,2024-05-13,2024-06-22,Completed
590,Jeffrey Turner,Cloud Computing,2024-06-05,2024-07-02,Ongoing
591,Dustin Wade,Cloud Computing,2024-04-25,2024-06-23,Ongoing
592,Alyssa Perez,Leadership Skills,2024-06-25,2024-06-22,Completed
593,Julie Garrison,Cloud Computing,2024-03-05,2024-06-13,Ongoing
594,Robyn Thompson,Cloud Computing,2024-04-26,2024-06-27,Completed
595,Brian Roberts MD,Leadership Skills,2024-04-08,2024-06-21,Ongoing
596,Susan Miller,Advanced SQL,2024-06-16,2024-06-09,Completed
597,Vanessa Morris,Leadership Skills,2024-04-01,2024-06-11,Ongoing
598,William French,Cloud Computing,2024-06-27,2024-06-23,Completed
599,Robert Santiago,Leadership Skills,2024-03-28,2024-06-18,Ongoing
600,Jeremiah Bass,Leadership Skills,2024-05-13,2024-07-08,Ongoing
601,Erin Williams,Advanced SQL,2024-02-09,2024-07-06,Ongoing
602,John Bird,Cloud Computing,2024-04-12,2024-07-04,Ongoing
603,Matthew Stephens,Advanced SQL,2024-03-31,2024-06-30,Ongoing
604,Mr. Trevor Duncan,Cloud Computing,2024-01-14,2024-06-08,Ongoing
605,Jasmine Davenport,Leadership Skills,2024-04-08,2024-06-15,Ongoing
606,Jonathan Bennett,Advanced SQL,2024-03-23,2024-06-30,Ongoing
607,Robyn Thompson,Advanced SQL,2024-05-28,2024-06-30,Ongoing
608,Daniel Clark,Leadership Skills,2024-07-08,2024-07-07,Completed
609,Katie Hughes,Leadership Skills,2024-06-04,2024-06-12,Ongoing
610,Jonathan Bennett,Advanced SQL,2024-03-11,2024-07-03,Ongoing
611,David Houston,Leadership Skills,2024-02-14,2024-06-08,Completed
612,George Morse,Cloud Computing,2024-07-01,2024-06-24,Ongoing
613,Maria Carr,Advanced SQL,2024-04-12,2024-06-19,Completed
614,Kevin Martinez,Cloud Computing,2024-05-20,2024-07-07,Completed
615,Michele Fuller,Leadership Skills,2024-03-19,2024-06-14,Ongoing
616,Lisa Avila,Advanced SQL,2024-02-19,2024-06-10,Ongoing
617,Robin Cruz,Advanced SQL,2024-06-15,2024-06-27,Ongoing
618,Deanna Martinez,Advanced SQL,2024-07-04,2024-07-03,Ongoing
619,Candace Cortez,Cloud Computing,2024-02-10,2024-06-30,Ongoing
620,Laura Bishop,Advanced SQL,2024-05-09,2024-06-18,Ongoing
621,David Chavez,Advanced SQL,2024-02-16,2024-07-05,Ongoing
622,Kathleen Day,Cloud Computing,2024-05-28,2024-06-09,Completed
623,Gabrielle Long,Leadership Skills,2024-05-18,2024-06-25,Completed
624,Brian Olson,Leadership Skills,2024-05-25,2024-07-02,Ongoing
625,Robert Bender,Leadership Skills,2024-03-05,2024-06-08,Ongoing
626,Elizabeth Aguirre,Leadership Skills,2024-02-28,2024-06-25,Completed
627,Lisa Spencer,Advanced SQL,2024-03-06,2024-06-20,Ongoing
628,Alyssa Perez,Cloud Computing,2024-03-07,2024-06-20,Ongoing
629,Melanie Paul,Advanced SQL,2024-02-20,2024-06-12,Ongoing
630,Melissa Webb,Cloud Computing,2024-05-07,2024-06-13,Completed
631,Clifford Kelly,Advanced SQL,2024-03-10,2024-06-17,Completed
632,Maria Garcia,Advanced SQL,2024-02-08,2024-06-26,Ongoing
633,Amber Cruz,Cloud Computing,2024-07-06,2024-06-18,Completed
634,Matthew Warren,Leadership Skills,2024-07-01,2024-06-28,Completed
635,Lucas Pham,Cloud Computing,2024-06-03,2024-07-03,Ongoing
636,Joel Peterson,Advanced SQL,2024-03-22,2024-06-14,Completed
637,Tiffany Moses,Leadership Skills,2024-03-21,2024-06-16,Completed
638,Lauren Fox,Cloud Computing,2024-07-02,2024-06-22,Completed
639,George Carr,Advanced SQL,2024-03-15,2024-06-28,Completed
640,Lindsay Miller,Cloud Computing,2024-07-03,2024-06-17,Ongoing
641,Travis Davis,Leadership Skills,2024-03-20,2024-06-29,Ongoing
642,Linda King,Cloud Computing,2024-01-16,2024-06-10,Completed
643,Stephanie Haynes,Cloud Computing,2024-06-02,2024-07-04,Ongoing
644,Randy Hernandez,Leadership Skills,2024-03-26,2024-06-08,Ongoing
645,Pamela Farrell,Leadership Skills,2024-03-06,2024-07-07,Completed
646,Christopher Schneider,Advanced SQL,2024-06-06,2024-06-28,Completed
647,Deanna Martinez,Leadership Skills,2024-04-12,2024-07-08,Completed
648,John Bird,Leadership Skills,2024-04-07,2024-06-20,Completed
649,Dana Roman,Cloud Computing,2024-01-22,2024-07-02,Ongoing
650,Anthony Hull,Leadership Skills,2024-01-10,2024-06-08,Ongoing
651,Jason Kent,Advanced SQL,2024-04-05,2024-06-26,Completed
652,Sherry Church,Cloud Computing,2024-05-24,2024-06-12,Ongoing
653,Paul Martin,Cloud Computing,2024-01-30,2024-07-07,Completed
654,Joseph Reese,Leadership Skills,2024-06-09,2024-06-27,Completed
655,Melissa Nguyen,Leadership Skills,2024-04-03,2024-06-16,Ongoing
656,Calvin Jones,Leadership Skills,2024-05-14,2024-06-18,Completed
657,Timothy Johnson,Cloud Computing,2024-04-21,2024-07-02,Completed
658,Kayla Reyes,Advanced SQL,2024-03-23,2024-06-11,Completed
659,Matthew Warren,Leadership Skills,2024-07-07,2024-06-13,Completed
660,Mr. James Munoz DDS,Cloud Computing,2024-03-24,2024-06-24,Completed
661,Amber Cruz,Leadership Skills,2024-01-25,2024-07-06,Completed
662,Jennifer Moran,Leadership Skills,2024-02-12,2024-06-27,Completed
663,Darren Sanchez,Advanced SQL,2024-04-19,2024-06-28,Ongoing
664,Sandy Blankenship,Advanced SQL,2024-05-23,2024-06-21,Completed
665,Anthony Hernandez,Leadership Skills,2024-05-20,2024-06-24,Completed
666,Kimberly Garcia,Leadership Skills,2024-02-09,2024-06-25,Ongoing
667,Jonathan Bennett,Cloud Computing,2024-01-27,2024-06-08,Completed
668,Dylan Lopez,Leadership Skills,2024-03-08,2024-06-13,Ongoing
669,William Jones,Advanced SQL,2024-03-01,2024-07-07,Ongoing
670,Daniel Meadows,Cloud Computing,2024-03-27,2024-06-12,Completed
671,Gregory Ruiz,Cloud Computing,2024-05-01,2024-06-13,Ongoing
672,Stephanie Livingston,Cloud Computing,2024-01-21,2024-07-03,Completed
673,Jennifer Christian,Leadership Skills,2024-02-03,2024-06-14,Completed
674,Randall Andrews,Cloud Computing,2024-04-13,2024-06-27,Completed
675,Randy Hernandez,Advanced SQL,2024-06-23,2024-06-29,Ongoing
676,Sharon Gillespie,Cloud Computing,2024-04-24,2024-07-05,Completed
677,Amber Hayes,Advanced SQL,2024-02-21,2024-06-18,Completed
678,Audrey Alvarez,Cloud Computing,2024-05-21,2024-07-01,Completed
679,Michael Blair,Cloud Computing,2024-07-05,2024-07-04,Ongoing
680,Jacqueline Bird,Advanced SQL,2024-06-25,2024-06-22,Completed
681,George Carr,Cloud Computing,2024-03-04,2024-06-21,Ongoing
682,Reginald Campbell,Cloud Computing,2024-04-12,2024-06-21,Ongoing
683,Cynthia Wallace,Advanced SQL,2024-02-23,2024-07-02,Ongoing
684,Natalie Mccann,Leadership Skills,2024-03-17,2024-06-24,Completed
685,Dylan Carter DDS,Advanced SQL,2024-03-20,2024-06-11,Completed
686,Jose Wilcox DDS,Leadership Skills,2024-03-20,2024-06-29,Ongoing
687,Juan Holder,Cloud Computing,2024-01-12,2024-06-18,Completed
688,Stacy Howell,Leadership Skills,2024-02-28,2024-06-11,Completed
689,Jonathan Patterson,Cloud Computing,2024-06-03,2024-06-29,Ongoing
690,John Malone,Leadership Skills,2024-04-27,2024-06-15,Ongoing
691,Christopher Campbell,Advanced SQL,2024-02-23,2024-06-24,Completed
692,Patricia Hamilton,Cloud Computing,2024-01-25,2024-06-12,Completed
693,Shawn Wyatt,Cloud Computing,2024-02-14,2024-07-01,Ongoing
694,Randy Hernandez,Leadership Skills,2024-05-13,2024-06-28,Ongoing
695,Robert Shaw,Leadership Skills,2024-05-08,2024-07-07,Completed
696,Jeffrey Young,Cloud Computing,2024-05-14,2024-06-08,Ongoing
697,Dr. Henry Martin,Advanced SQL,2024-04-04,2024-06-17,Completed
698,James Robinson,Advanced SQL,2024-05-23,2024-07-01,Completed
699,Barbara Moses,Cloud Computing,2024-02-07,2024-06-12,Ongoing
700,Ashley Charles,Cloud Computing,2024-05-24,2024-07-04,Ongoing
701,Cindy Hawkins,Advanced SQL,2024-06-01,2024-07-08,Ongoing
702,Randy Foster,Advanced SQL,2024-03-25,2024-07-08,Completed
703,Robin Houston,Cloud Computing,2024-04-09,2024-07-05,Completed
704,Jennifer Alvarez,Cloud Computing,2024-03-07,2024-06-14,Completed
705,Jessica Ellis,Leadership Skills,2024-06-03,2024-06-09,Ongoing
706,Wendy Gray,Leadership Skills,2024-02-23,2024-06-13,Ongoing
707,Michelle Turner,Advanced SQL,2024-04-10,2024-07-02,Ongoing
708,Audrey Alvarez,Advanced SQL,2024-05-26,2024-06-20,Ongoing
709,Danielle Kennedy,Cloud Computing,2024-02-14,2024-06-11,Ongoing
710,Jose Mercado,Leadership Skills,2024-06-01,2024-06-29,Completed
711,Anthony Lopez,Leadership Skills,2024-07-04,2024-06-15,Completed
712,Tamara Rocha,Leadership Skills,2024-06-10,2024-06-21,Completed
713,Mr. John Roy,Leadership Skills,2024-03-30,2024-07-06,Ongoing
714,Teresa Jefferson,Leadership Skills,2024-03-26,2024-06-30,Completed
715,Thomas Gordon,Advanced SQL,2024-03-02,2024-07-05,Ongoing
716,Edward Perkins,Cloud Computing,2024-06-15,2024-07-02,Completed
717,Charles Mcgee,Advanced SQL,2024-05-16,2024-07-02,Ongoing
718,Sheila Daniel,Leadership Skills,2024-03-16,2024-06-20,Completed
719,David Sullivan,Leadership Skills,2024-02-13,2024-06-27,Completed
720,Dawn Khan,Advanced SQL,2024-05-27,2024-07-04,Ongoing
721,Matthew Cruz,Advanced SQL,2024-06-07,2024-07-06,Ongoing
722,Desiree Marks,Cloud Computing,2024-05-20,2024-06-28,Ongoing
723,Andrew Collins,Advanced SQL,2024-04-29,2024-06-25,Completed
724,Bradley Simmons,Advanced SQL,2024-03-09,2024-06-18,Completed
725,William Pierce DVM,Advanced SQL,2024-07-04,2024-06-29,Completed
726,Michael Ryan,Leadership Skills,2024-02-16,2024-06-25,Ongoing
727,Kathleen Day,Cloud Computing,2024-03-19,2024-06-29,Ongoing
728,Joshua Nichols,Leadership Skills,2024-07-08,2024-06-11,Completed
729,Elizabeth Dixon,Cloud Computing,2024-06-03,2024-06-13,Completed
730,Rachel Johnson,Leadership Skills,2024-05-31,2024-06-23,Completed
731,Sydney Caldwell,Advanced SQL,2024-04-29,2024-06-08,Completed
732,Ruben Flores,Advanced SQL,2024-04-14,2024-06-12,Completed
733,Steven Juarez,Leadership Skills,2024-07-02,2024-07-02,Ongoing
734,Gloria Madden,Leadership Skills,2024-06-07,2024-06-22,Completed
735,Kyle Pope,Advanced SQL,2024-02-01,2024-07-04,Ongoing
736,Sandy Frazier,Cloud Computing,2024-04-06,2024-06-20,Ongoing
737,Dustin Williamson,Cloud Computing,2024-02-22,2024-06-13,Completed
738,Carol Sullivan,Advanced SQL,2024-04-14,2024-06-08,Completed
739,Brandi Little,Leadership Skills,2024-04-28,2024-06-16,Ongoing
740,Diane Jones,Cloud Computing,2024-04-09,2024-06-19,Completed
741,Ashley Brooks,Leadership Skills,2024-01-19,2024-06-25,Ongoing
742,Paul Potter,Leadership Skills,2024-02-24,2024-06-16,Ongoing
743,Tiffany Jacobson,Leadership Skills,2024-07-07,2024-06-30,Ongoing
744,Michael Valentine,Advanced SQL,2024-02-14,2024-07-02,Completed
745,Jade Fry,Leadership Skills,2024-06-18,2024-06-19,Ongoing
746,Diana Harris,Leadership Skills,2024-01-15,2024-06-08,Ongoing
747,Derek Herrera,Cloud Computing,2024-03-28,2024-06-09,Completed
748,Anita Ferrell,Advanced SQL,2024-02-11,2024-06-14,Completed
749,Summer Wise,Leadership Skills,2024-05-12,2024-07-08,Ongoing
750,James Robinson,Leadership Skills,2024-03-13,2024-06-24,Completed
751,Justin Escobar,Advanced SQL,2024-02-05,2024-06-26,Completed
752,Joseph Reese,Leadership Skills,2024-03-17,2024-07-04,Completed
753,Robert Hines,Advanced SQL,2024-03-31,2024-06-15,Ongoing
754,Heather Moore,Cloud Computing,2024-04-05,2024-06-27,Ongoing
755,Vanessa Lee,Cloud Computing,2024-02-13,2024-07-05,Ongoing
756,Matthew Warren,Cloud Computing,2024-03-08,2024-06-21,Completed
757,Michael Valentine,Advanced SQL,2024-04-15,2024-06-21,Completed
758,Kristy Martinez,Leadership Skills,2024-02-27,2024-06-10,Completed
759,Robert Ross,Cloud Computing,2024-02-15,2024-06-14,Ongoing
760,Deanna Gordon,Cloud Computing,2024-04-11,2024-07-01,Completed
761,Sandy Frazier,Cloud Computing,2024-06-06,2024-07-08,Completed
762,Matthew Cobb,Leadership Skills,2024-06-27,2024-06-11,Completed
763,Angela Wilkerson,Advanced SQL,2024-05-27,2024-07-02,Ongoing
764,Ashley Wilson,Advanced SQL,2024-02-03,2024-07-06,Completed
765,Michelle Williams,Leadership Skills,2024-02-07,2024-07-02,Completed
766,Matthew Brennan,Leadership Skills,2024-02-27,2024-06-09,Completed
767,Heidi Taylor,Cloud Computing,2024-04-30,2024-06-20,Ongoing
768,Jay Lopez,Leadership Skills,2024-05-26,2024-07-01,Completed
769,Jeremy Lopez,Advanced SQL,2024-06-21,2024-06-14,Completed
770,Wendy Clark,Cloud Computing,2024-05-30,2024-06-14,Ongoing
771,Lauren Fox,Cloud Computing,2024-05-13,2024-06-20,Completed
772,Brian Johnson,Advanced SQL,2024-01-13,2024-06-24,Completed
773,Emily Estrada,Cloud Computing,2024-03-13,2024-06-18,Completed
774,Angela Wall,Leadership Skills,2024-02-27,2024-06-15,Completed
775,Paul Martin,Cloud Computing,2024-07-05,2024-06-11,Completed
776,Ralph Russell,Advanced SQL,2024-04-23,2024-06-10,Ongoing
777,Mason Bradford,Advanced SQL,2024-01-14,2024-07-08,Ongoing
778,Perry Molina,Advanced SQL,2024-04-02,2024-06-27,Completed
779,Benjamin Hodge,Leadership Skills,2024-06-09,2024-06-19,Ongoing
780,Kevin Melton MD,Advanced SQL,2024-02-09,2024-06-30,Ongoing
781,Lisa Spencer,Advanced SQL,2024-04-15,2024-06-10,Completed
782,Colton Smith,Cloud Computing,2024-06-22,2024-06-12,Completed
783,Brandon Smith,Advanced SQL,2024-06-12,2024-06-18,Ongoing
784,Beverly Franklin,Leadership Skills,2024-02-24,2024-07-05,Ongoing
785,Robin Olson,Leadership Skills,2024-06-17,2024-06-14,Completed
786,Kristen Villarreal,Advanced SQL,2024-05-28,2024-06-30,Ongoing
787,Richard Schneider,Cloud Computing,2024-04-05,2024-06-10,Completed
788,Anthony Hull,Leadership Skills,2024-06-10,2024-06-26,Ongoing
789,Charles Thompson,Cloud Computing,2024-04-08,2024-06-30,Ongoing
790,Christopher Webb,Cloud Computing,2024-01-25,2024-06-20,Ongoing
791,Calvin Jones,Advanced SQL,2024-06-24,2024-06-20,Ongoing
792,Johnny Johnson,Advanced SQL,2024-05-18,2024-06-28,Completed
793,Anna Schneider,Cloud Computing,2024-04-12,2024-06-10,Completed
794,Jessica Roy,Advanced SQL,2024-03-05,2024-06-23,Completed
795,Brandon Smith,Leadership Skills,2024-01-25,2024-07-07,Completed
796,David Brennan,Cloud Computing,2024-03-28,2024-07-02,Completed
797,Michele Nelson,Cloud Computing,2024-03-03,2024-06-14,Completed
798,Hannah Myers,Cloud Computing,2024-06-19,2024-06-20,Completed
799,Edward Dickson,Cloud Computing,2024-03-14,2024-06-10,Ongoing
800,Kevin Davis,Cloud Computing,2024-04-02,2024-06-17,Completed
801,Robin Cruz,Leadership Skills,2024-03-04,2024-06-18,Ongoing
802,Stacy Howell,Advanced SQL,2024-04-06,2024-06-16,Ongoing
803,Melissa Taylor,Cloud Computing,2024-02-25,2024-07-01,Completed
804,Alyssa Gray,Leadership Skills,2024-06-23,2024-07-08,Ongoing
805,Kirk Baker,Advanced SQL,2024-05-12,2024-06-18,Completed
806,Lori English,Leadership Skills,2024-01-28,2024-06-29,Ongoing
807,Matthew Stephens,Leadership Skills,2024-02-25,2024-06-17,Completed
808,Jennifer Baker,Cloud Computing,2024-04-17,2024-06-27,Ongoing
809,Paul Ramos,Leadership Skills,2024-04-26,2024-06-22,Completed
810,Christopher Hill,Leadership Skills,2024-02-14,2024-06-08,Ongoing
811,Sarah Hart,Cloud Computing,2024-05-27,2024-06-17,Completed
812,Kevin Castaneda,Leadership Skills,2024-03-17,2024-07-05,Ongoing
813,Melissa Webb,Advanced SQL,2024-01-27,2024-06-25,Completed
814,Tyler Wong,Cloud Computing,2024-06-23,2024-06-19,Ongoing
815,Nicholas Fuller,Advanced SQL,2024-03-20,2024-06-11,Completed
816,April Garner,Leadership Skills,2024-06-23,2024-06-16,Completed
817,Mr. Trevor Duncan,Leadership Skills,2024-05-22,2024-06-22,Ongoing
818,Steven Cox,Cloud Computing,2024-04-26,2024-06-25,Completed
819,Mr. Timothy Neal,Leadership Skills,2024-07-03,2024-07-08,Completed
820,Rachel Alexander,Advanced SQL,2024-02-04,2024-06-27,Ongoing
821,David Mcbride,Leadership Skills,2024-01-12,2024-06-11,Ongoing
822,Tammy Weber,Advanced SQL,2024-05-31,2024-06-22,Completed
823,Philip Howard,Advanced SQL,2024-01-14,2024-06-25,Completed
824,Kathleen Day,Leadership Skills,2024-01-22,2024-06-27,Completed
825,Matthew Roberts,Leadership Skills,2024-01-29,2024-06-30,Ongoing
826,Lindsey Schwartz,Cloud Computing,2024-05-21,2024-06-18,Ongoing
827,Jacob Jackson,Cloud Computing,2024-04-04,2024-06-17,Completed
828,Angela Kim,Advanced SQL,2024-04-02,2024-06-25,Completed
829,Lisa Watson,Cloud Computing,2024-01-13,2024-06-28,Ongoing
830,Diane Taylor,Cloud Computing,2024-01-24,2024-06-09,Ongoing
831,Phyllis Stuart,Leadership Skills,2024-07-03,2024-07-01,Ongoing
832,Tanya Wilson,Leadership Skills,2024-02-24,2024-06-23,Completed
833,Jacob Case,Cloud Computing,2024-05-20,2024-07-03,Ongoing
834,Ronald Myers,Cloud Computing,2024-06-29,2024-06-14,Completed
835,Matthew Lawrence,Cloud Computing,2024-01-13,2024-06-16,Completed
836,Joseph Williams,Cloud Computing,2024-03-25,2024-06-13,Ongoing
837,Misty Bond,Advanced SQL,2024-02-05,2024-06-29,Ongoing
838,Mrs. Paula Davidson,Advanced SQL,2024-06-23,2024-06-30,Ongoing
839,Sandra Scott,Leadership Skills,2024-02-03,2024-06-08,Ongoing
840,Reginald Campbell,Leadership Skills,2024-04-29,2024-07-03,Completed
841,Anthony Sanders,Advanced SQL,2024-06-04,2024-06-19,Ongoing
842,Jane Freeman,Cloud Computing,2024-04-27,2024-06-16,Completed
843,Dr. Dorothy Gutierrez DVM,Leadership Skills,2024-05-06,2024-06-18,Completed
844,Derek Lloyd,Leadership Skills,2024-04-17,2024-07-05,Ongoing
845,Kristen Villarreal,Cloud Computing,2024-06-08,2024-06-19,Completed
846,Rickey Reynolds,Cloud Computing,2024-04-29,2024-06-24,Ongoing
847,Janice Jacobson,Cloud Computing,2024-04-18,2024-06-15,Completed
848,Robert Shaw,Leadership Skills,2024-04-22,2024-06-28,Ongoing
849,Michael Sanchez,Cloud Computing,2024-05-30,2024-06-26,Ongoing
850,Misty Love,Leadership Skills,2024-05-26,2024-06-26,Completed
851,Michael Valentine,Advanced SQL,2024-02-25,2024-06-10,Ongoing
852,Henry Stevens,Advanced SQL,2024-02-11,2024-06-29,Ongoing
853,Timothy Johnson,Advanced SQL,2024-03-22,2024-07-01,Completed
854,Tiffany Jacobson,Cloud Computing,2024-05-07,2024-07-08,Completed
855,James Kent,Advanced SQL,2024-04-28,2024-06-19,Completed
856,John Taylor,Leadership Skills,2024-05-30,2024-07-02,Completed
857,Morgan Harris,Leadership Skills,2024-01-28,2024-06-19,Completed
858,David Bennett,Leadership Skills,2024-04-28,2024-06-16,Ongoing
859,Jennifer Johnson,Leadership Skills,2024-05-25,2024-07-07,Ongoing
860,David Roy,Advanced SQL,2024-04-07,2024-06-20,Ongoing
861,Amber Savage,Advanced SQL,2024-04-07,2024-07-06,Ongoing
862,Gabrielle Long,Advanced SQL,2024-04-20,2024-06-12,Completed
863,Cheryl Jones,Cloud Computing,2024-02-24,2024-07-02,Completed
864,Brandy Rogers,Leadership Skills,2024-06-28,2024-07-04,Completed
865,Sarah Henry,Leadership Skills,2024-06-27,2024-06-12,Ongoing
866,Kelly Bates,Leadership Skills,2024-03-07,2024-06-19,Ongoing
867,Chad Snyder,Cloud Computing,2024-05-17,2024-06-24,Completed
868,Summer Wise,Advanced SQL,2024-06-01,2024-06-21,Completed
869,Jared Baird IV,Advanced SQL,2024-04-07,2024-07-05,Ongoing
870,Michael Ryan,Leadership Skills,2024-03-13,2024-06-29,Ongoing
871,Sharon Johnson,Advanced SQL,2024-04-05,2024-06-14,Completed
872,Randy Hernandez,Cloud Computing,2024-05-05,2024-06-09,Ongoing
873,John Johnston,Cloud Computing,2024-04-06,2024-06-27,Ongoing
874,Summer Wise,Leadership Skills,2024-02-01,2024-06-22,Ongoing
875,Anna Schneider,Leadership Skills,2024-07-08,2024-06-15,Completed
876,Thomas Chen,Cloud Computing,2024-04-12,2024-06-11,Ongoing
877,Diane Schneider,Cloud Computing,2024-03-22,2024-06-24,Ongoing
878,Laurie Haynes,Advanced SQL,2024-05-31,2024-06-18,Ongoing
879,George Morse,Cloud Computing,2024-06-02,2024-06-26,Ongoing
880,Brandon Smith,Cloud Computing,2024-03-23,2024-06-11,Ongoing
881,Sarah Strong,Cloud Computing,2024-06-10,2024-06-11,Ongoing
882,Jasmine Mcfarland,Cloud Computing,2024-06-11,2024-07-05,Ongoing
883,Misty Bond,Advanced SQL,2024-06-23,2024-07-05,Ongoing
884,Mr. Zachary Anderson,Leadership Skills,2024-02-18,2024-07-02,Ongoing
885,Michelle Hernandez,Cloud Computing,2024-03-09,2024-06-24,Completed
886,Cynthia Lopez,Cloud Computing,2024-02-10,2024-06-28,Ongoing
887,John Murillo,Leadership Skills,2024-02-19,2024-07-05,Completed
888,Jennifer Morgan,Leadership Skills,2024-04-13,2024-06-25,Ongoing
889,Catherine Joseph,Cloud Computing,2024-04-29,2024-06-16,Completed
890,Matthew Perez,Cloud Computing,2024-03-09,2024-06-28,Ongoing
891,Tanya Wilson,Leadership Skills,2024-04-23,2024-06-28,Ongoing
892,Robyn Thompson,Advanced SQL,2024-03-05,2024-07-02,Completed
893,Melissa Nguyen,Leadership Skills,2024-02-05,2024-06-12,Ongoing
894,Angela Palmer,Advanced SQL,2024-06-24,2024-06-23,Completed
895,Adrian Mckenzie,Leadership Skills,2024-04-19,2024-06-27,Ongoing
896,Johnny Johnson,Leadership Skills,2024-07-01,2024-07-02,Ongoing
897,Cassandra Johnston,Cloud Computing,2024-06-02,2024-06-29,Completed
898,Drew Evans,Leadership Skills,2024-03-14,2024-06-28,Completed
899,Patrick Carey,Cloud Computing,2024-03-13,2024-06-10,Ongoing
900,Michelle Salazar,Leadership Skills,2024-06-04,2024-07-04,Completed
901,Sergio Hart,Leadership Skills,2024-03-04,2024-06-19,Ongoing
902,Sabrina Bray,Cloud Computing,2024-01-20,2024-06-23,Ongoing
903,Matthew Perez,Leadership Skills,2024-05-09,2024-07-01,Ongoing
904,Linda Caldwell,Advanced SQL,2024-04-02,2024-06-19,Ongoing
905,Jennifer Malone,Advanced SQL,2024-05-26,2024-06-30,Ongoing
906,Ryan Thompson,Advanced SQL,2024-05-21,2024-07-05,Ongoing
907,Brandi Little,Cloud Computing,2024-05-17,2024-07-08,Completed
908,Jennifer Alexander,Leadership Skills,2024-01-31,2024-06-09,Completed
909,William Pierce DVM,Cloud Computing,2024-06-22,2024-07-08,Completed
910,Jay Davis,Leadership Skills,2024-03-05,2024-07-07,Ongoing
911,Melissa Mercado,Advanced SQL,2024-02-21,2024-06-25,Completed
912,Cassandra Johnston,Cloud Computing,2024-03-04,2024-07-01,Completed
913,Steven Gardner,Advanced SQL,2024-07-02,2024-06-12,Completed
914,Sarah Pacheco,Leadership Skills,2024-04-04,2024-06-09,Completed
915,Kenneth Price,Advanced SQL,2024-04-29,2024-06-09,Ongoing
916,Mark Lewis,Cloud Computing,2024-04-15,2024-06-18,Ongoing
917,Mrs. Samantha Stone,Cloud Computing,2024-06-25,2024-06-13,Completed
918,Mrs. Ashley Fox MD,Leadership Skills,2024-02-28,2024-06-17,Ongoing
919,Matthew Stephens,Cloud Computing,2024-03-28,2024-07-01,Completed
920,James Castillo,Advanced SQL,2024-07-07,2024-07-04,Ongoing
921,Gloria Gaines,Advanced SQL,2024-03-03,2024-07-03,Ongoing
922,Steven Juarez,Advanced SQL,2024-01-19,2024-07-08,Completed
923,Angela Wilkerson,Advanced SQL,2024-05-12,2024-07-02,Completed
924,Robin Miller,Leadership Skills,2024-04-07,2024-06-18,Completed
925,Denise Johns,Leadership Skills,2024-04-14,2024-06-11,Ongoing
926,Tamara Hamilton,Advanced SQL,2024-05-18,2024-06-08,Completed
927,Melanie Paul,Leadership Skills,2024-05-07,2024-06-21,Completed
928,Perry Molina,Leadership Skills,2024-03-28,2024-06-21,Completed
929,Karen Coleman,Advanced SQL,2024-05-17,2024-06-30,Completed
930,Elizabeth Aguirre,Advanced SQL,2024-01-13,2024-06-08,Ongoing
931,Debra Russell,Advanced SQL,2024-02-29,2024-06-19,Completed
932,Elizabeth Aguirre,Advanced SQL,2024-02-07,2024-06-27,Ongoing
933,Matthew Brennan,Cloud Computing,2024-06-20,2024-06-20,Ongoing
934,Regina Martin,Leadership Skills,2024-05-23,2024-07-03,Ongoing
935,Anthony Hull,Advanced SQL,2024-07-04,2024-06-17,Ongoing
936,Natalie Hunt,Advanced SQL,2024-01-30,2024-06-24,Ongoing
937,Sean Jones,Leadership Skills,2024-04-02,2024-06-08,Ongoing
938,Kristen Jenkins,Advanced SQL,2024-06-08,2024-06-16,Completed
939,Mark Hayden,Leadership Skills,2024-05-02,2024-06-19,Completed
940,Ann Reyes,Cloud Computing,2024-02-20,2024-06-12,Ongoing
941,Jon Poole,Advanced SQL,2024-05-03,2024-06-28,Ongoing
942,Anthony Hernandez,Leadership Skills,2024-02-16,2024-07-04,Ongoing
943,Ashley Sullivan,Advanced SQL,2024-06-11,2024-06-08,Ongoing
944,Sarah Rivera,Advanced SQL,2024-02-17,2024-06-13,Ongoing
945,Lauren Jensen,Cloud Computing,2024-05-07,2024-06-25,Completed
946,Brianna Barry,Advanced SQL,2024-03-25,2024-06-21,Completed
947,Martin Smith,Advanced SQL,2024-02-27,2024-07-04,Ongoing
948,Angela Doyle,Advanced SQL,2024-03-28,2024-06-26,Completed
949,Emily Williams,Leadership Skills,2024-06-10,2024-07-05,Ongoing
950,Sheryl Baker,Advanced SQL,2024-05-28,2024-06-28,Completed
951,Justin Snyder,Cloud Computing,2024-05-03,2024-06-14,Ongoing
952,Richard Aguilar,Cloud Computing,2024-06-27,2024-06-23,Ongoing
953,Lindsey Schwartz,Leadership Skills,2024-01-17,2024-06-14,Ongoing
954,Jacqueline Bird,Leadership Skills,2024-03-21,2024-07-08,Ongoing
955,Dylan Lopez,Advanced SQL,2024-03-05,2024-06-28,Ongoing
956,Dawn Frazier,Advanced SQL,2024-04-26,2024-07-01,Completed
957,Sarah Rivera,Leadership Skills,2024-06-22,2024-06-14,Ongoing
958,Jordan Ryan,Cloud Computing,2024-05-27,2024-06-12,Completed
959,Dana Brown,Advanced SQL,2024-03-18,2024-07-07,Completed
960,Christopher Fox,Leadership Skills,2024-03-21,2024-06-15,Completed
961,Jennifer Jackson,Advanced SQL,2024-02-27,2024-06-21,Ongoing
962,Robin Mckinney,Cloud Computing,2024-04-14,2024-06-26,Ongoing
963,Laura Smith,Leadership Skills,2024-03-25,2024-06-17,Ongoing
964,Emily Thomas,Leadership Skills,2024-06-15,2024-06-28,Completed
965,Daniel Clark,Leadership Skills,2024-02-29,2024-06-24,Completed
966,Cynthia Hall,Cloud Computing,2024-03-23,2024-06-28,Completed
967,Christine Wright,Advanced SQL,2024-02-06,2024-07-05,Completed
968,Andre Reid,Leadership Skills,2024-05-16,2024-06-08,Ongoing
969,Ashley Meyers,Advanced SQL,2024-02-20,2024-06-24,Ongoing
970,Matthew Lawrence,Advanced SQL,2024-02-29,2024-06-16,Completed
971,Traci Weeks,Leadership Skills,2024-06-10,2024-06-13,Ongoing
972,Linda Miller,Cloud Computing,2024-06-22,2024-06-10,Completed
973,Christopher Hill,Advanced SQL,2024-06-20,2024-06-22,Completed
974,Willie Simmons,Advanced SQL,2024-03-13,2024-07-01,Ongoing
975,Heather Moore,Leadership Skills,2024-01-11,2024-06-15,Completed
976,Sara White,Advanced SQL,2024-06-27,2024-07-03,Ongoing
977,Crystal Ray,Cloud Computing,2024-03-23,2024-06-22,Ongoing
978,Gregory Ruiz,Leadership Skills,2024-02-10,2024-06-20,Completed
979,Samuel Mendoza,Cloud Computing,2024-05-23,2024-06-24,Ongoing
980,Anita Ferrell,Cloud Computing,2024-05-29,2024-07-01,Completed
981,Steven Dyer,Leadership Skills,2024-06-30,2024-06-14,Completed
982,Sarah Jimenez,Advanced SQL,2024-03-13,2024-06-25,Completed
983,Jasmine Davenport,Advanced SQL,2024-01-22,2024-06-15,Completed
984,Curtis Cooper,Advanced SQL,2024-07-05,2024-06-15,Completed
985,Paul Lee,Leadership Skills,2024-04-11,2024-07-08,Completed
986,Summer Wise,Leadership Skills,2024-02-06,2024-06-27,Ongoing
987,Danielle Powell,Leadership Skills,2024-03-25,2024-06-17,Ongoing
988,James Castillo,Leadership Skills,2024-04-02,2024-06-17,Completed
989,Mr. Zachary Anderson,Cloud Computing,2024-04-04,2024-06-20,Ongoing
990,Clifford Kelly,Cloud Computing,2024-01-20,2024-06-09,Ongoing
991,Michelle Flores,Advanced SQL,2024-02-23,2024-07-03,Ongoing
992,Alyssa Perez,Cloud Computing,2024-02-01,2024-06-09,Ongoing
993,Kaitlyn Morales,Cloud Computing,2024-06-01,2024-06-17,Ongoing
994,David Aguilar,Cloud Computing,2024-07-03,2024-06-09,Completed
995,Lauren Miller,Leadership Skills,2024-03-07,2024-06-23,Completed
996,Kyle Tran,Advanced SQL,2024-03-19,2024-06-30,Completed
997,Traci Weeks,Cloud Computing,2024-02-03,2024-06-30,Completed
998,Jennifer Morgan,Leadership Skills,2024-04-23,2024-06-11,Ongoing
999,Donna Frank,Leadership Skills,2024-03-05,2024-06-17,Completed
1000,Jeffery Jones,Advanced SQL,2024-02-09,2024-06-28,Completed
1001,Jennifer Jackson,Leadership Skills,2024-01-29,2024-06-18,Ongoing
1002,Brittany Chen,Cloud Computing,2024-02-16,2024-06-25,Ongoing
1003,Tamara Hamilton,Advanced SQL,2024-06-13,2024-06-09,Completed
1004,Vincent Douglas,Cloud Computing,2024-02-16,2024-06-18,Completed
1005,Brandi Hayes,Cloud Computing,2024-02-09,2024-07-08,Ongoing
1006,Stuart Dunn,Cloud Computing,2024-04-20,2024-06-09,Completed
1007,Carla Cox,Advanced SQL,2024-03-31,2024-07-07,Ongoing
1008,Donna Frank,Cloud Computing,2024-02-23,2024-06-15,Completed
1009,Kevin Martinez,Leadership Skills,2024-04-03,2024-06-24,Ongoing
1010,Jennifer Alexander,Advanced SQL,2024-01-28,2024-06-27,Completed
1011,Susan Anderson,Cloud Computing,2024-05-09,2024-06-20,Ongoing
1012,Anita Lopez,Leadership Skills,2024-03-27,2024-06-15,Completed
1013,Jessica Roy,Cloud Computing,2024-03-08,2024-06-28,Completed
1014,Joseph Gonzalez,Advanced SQL,2024-02-04,2024-06-23,Completed
1015,Denise Hernandez,Advanced SQL,2024-04-18,2024-06-14,Completed
1016,Justin Escobar,Advanced SQL,2024-07-06,2024-07-07,Completed
1017,Mark Mcdowell,Leadership Skills,2024-01-11,2024-06-08,Ongoing
1018,Sheila Young,Cloud Computing,2024-03-09,2024-06-19,Ongoing
1019,Adrian Cole,Cloud Computing,2024-06-29,2024-07-02,Completed
1020,Wendy Thomas,Leadership Skills,2024-01-27,2024-06-08,Ongoing
1021,Kyle Tran,Cloud Computing,2024-04-10,2024-07-03,Completed
1022,Melanie Gibbs,Cloud Computing,2024-02-04,2024-07-01,Ongoing
1023,Maria Carr,Cloud Computing,2024-05-18,2024-07-05,Completed
1024,Bryan Keller,Cloud Computing,2024-06-25,2024-07-08,Ongoing
1025,David Chavez,Cloud Computing,2024-01-27,2024-06-23,Ongoing
1026,Randy Hernandez,Advanced SQL,2024-04-13,2024-06-27,Ongoing
1027,Maria Carr,Leadership Skills,2024-04-28,2024-06-22,Completed
1028,Robert Stone,Leadership Skills,2024-02-10,2024-06-17,Completed
1029,Thomas Duncan,Cloud Computing,2024-02-11,2024-07-03,Completed
1030,Richard Aguilar,Leadership Skills,2024-04-19,2024-06-16,Ongoing
1031,Ashley Carter,Cloud Computing,2024-07-08,2024-06-21,Ongoing
1032,Audrey Alvarez,Leadership Skills,2024-04-24,2024-07-07,Ongoing
1033,Marissa Gillespie,Cloud Computing,2024-04-02,2024-06-22,Completed
1034,Matthew Lawrence,Cloud Computing,2024-07-02,2024-06-15,Completed
1035,Amanda Grimes,Cloud Computing,2024-03-05,2024-06-24,Ongoing
1036,Gregory Garcia,Leadership Skills,2024-03-24,2024-07-02,Ongoing
1037,Matthew Khan,Leadership Skills,2024-06-26,2024-06-25,Ongoing
1038,Victor Anderson,Advanced SQL,2024-06-21,2024-06-11,Ongoing
1039,Alyssa Gray,Cloud Computing,2024-02-23,2024-06-25,Completed
1040,Kevin Santos,Leadership Skills,2024-01-15,2024-06-27,Ongoing
1041,Ellen Butler,Advanced SQL,2024-04-07,2024-06-08,Completed
1042,Deborah Kelley,Cloud Computing,2024-06-22,2024-06-17,Ongoing
1043,Veronica Boyer,Advanced SQL,2024-05-21,2024-06-09,Ongoing
1044,Anita Farley,Leadership Skills,2024-01-23,2024-06-16,Completed
1045,Ashley Richard,Leadership Skills,2024-03-02,2024-06-22,Completed
1046,Jason Higgins,Leadership Skills,2024-01-31,2024-06-08,Ongoing
1047,Chad Maxwell,Leadership Skills,2024-02-13,2024-06-18,Completed
1048,Kelly Lopez,Advanced SQL,2024-03-30,2024-06-25,Ongoing
1049,Susan Jackson,Advanced SQL,2024-06-06,2024-07-05,Completed
1050,Jeffrey Barnes,Cloud Computing,2024-03-20,2024-06-22,Ongoing
1051,Joseph White,Leadership Skills,2024-01-20,2024-06-20,Ongoing
1052,Ann Reyes,Leadership Skills,2024-01-18,2024-06-28,Completed
1053,Sharon Brown,Advanced SQL,2024-02-03,2024-07-08,Ongoing
1054,Tyler Wong,Leadership Skills,2024-06-21,2024-06-16,Ongoing
1055,Wendy Clark,Cloud Computing,2024-04-25,2024-06-16,Ongoing
1056,Ronald Myers,Leadership Skills,2024-02-04,2024-07-01,Ongoing
1057,Barbara Moses,Advanced SQL,2024-03-04,2024-06-23,Ongoing
1058,Andrew Zavala,Leadership Skills,2024-01-21,2024-07-05,Completed
1059,James Robertson,Leadership Skills,2024-07-02,2024-06-14,Completed
1060,Connie Dixon,Leadership Skills,2024-06-30,2024-06-23,Ongoing
1061,Jeremy Lopez,Advanced SQL,2024-07-01,2024-06-19,Completed
1062,Tanya Wilson,Cloud Computing,2024-04-29,2024-06-24,Completed
1063,Melanie Paul,Cloud Computing,2024-05-18,2024-06-13,Ongoing
1064,Mrs. Debra Giles,Cloud Computing,2024-06-22,2024-06-08,Completed
1065,Nicole Wilkins,Advanced SQL,2024-04-21,2024-06-14,Completed
1066,Gregory Garcia,Leadership Skills,2024-02-13,2024-06-12,Ongoing
1067,Robert Duncan,Cloud Computing,2024-03-17,2024-06-28,Ongoing
1068,Mrs. Ashley Fox MD,Advanced SQL,2024-07-04,2024-06-23,Ongoing
1069,Cindy Mills,Leadership Skills,2024-03-28,2024-06-26,Ongoing
1070,Thomas Lloyd,Cloud Computing,2024-02-13,2024-06-23,Ongoing
1071,Robin Olson,Cloud Computing,2024-04-28,2024-06-30,Ongoing
1072,Laura Bishop,Leadership Skills,2024-01-19,2024-06-28,Ongoing
1073,Amy Dixon,Advanced SQL,2024-04-13,2024-06-11,Completed
1074,Paul Ramos,Leadership Skills,2024-01-17,2024-07-02,Completed
1075,Matthew Werner,Cloud Computing,2024-05-03,2024-07-04,Ongoing
1076,Morgan Harris,Leadership Skills,2024-05-27,2024-06-30,Ongoing
1077,Mark Hayden,Cloud Computing,2024-03-23,2024-06-30,Ongoing
1078,Justin Escobar,Leadership Skills,2024-06-06,2024-07-06,Ongoing
1079,Alejandra Smith,Leadership Skills,2024-06-12,2024-06-18,Completed
1080,Sophia Guzman,Advanced SQL,2024-06-21,2024-06-17,Completed
1081,Laura Bowers,Leadership Skills,2024-03-29,2024-06-18,Ongoing
1082,Brian Smith,Cloud Computing,2024-03-16,2024-06-08,Completed
1083,Jeffrey Ashley,Cloud Computing,2024-06-13,2024-06-15,Completed
1084,Sheila Young,Advanced SQL,2024-01-29,2024-06-19,Ongoing
1085,Dawn Khan,Leadership Skills,2024-04-25,2024-06-16,Ongoing
1086,Brianna Todd,Cloud Computing,2024-02-29,2024-06-11,Completed
1087,Jennifer Carey,Leadership Skills,2024-01-23,2024-07-06,Completed
1088,Diana Hurley,Cloud Computing,2024-03-07,2024-06-25,Completed
1089,John Bird,Cloud Computing,2024-03-13,2024-06-22,Ongoing
1090,James Robinson,Leadership Skills,2024-04-21,2024-06-14,Ongoing
1091,Danielle Powell,Cloud Computing,2024-01-17,2024-06-24,Completed
1092,Kevin Jackson,Cloud Computing,2024-06-03,2024-06-11,Ongoing
1093,Kristen Brown,Advanced SQL,2024-05-25,2024-06-24,Completed
1094,Catherine Joseph,Cloud Computing,2024-06-22,2024-07-03,Completed
1095,Jonathon Diaz,Cloud Computing,2024-03-04,2024-07-04,Completed
1096,Sean Jones,Cloud Computing,2024-02-10,2024-06-30,Completed
1097,Michael Shepard,Leadership Skills,2024-02-02,2024-06-26,Completed
1098,James Castillo,Advanced SQL,2024-02-20,2024-06-20,Ongoing
1099,Daniel Wang,Cloud Computing,2024-04-27,2024-06-30,Ongoing
1100,Chase Williams,Cloud Computing,2024-04-14,2024-06-24,Ongoing
1101,Megan Kennedy,Cloud Computing,2024-06-03,2024-06-15,Completed
1102,Ian Mcpherson,Leadership Skills,2024-06-30,2024-06-10,Completed
1103,Mary Pierce,Cloud Computing,2024-02-10,2024-07-06,Completed
1104,Shawn Warren,Cloud Computing,2024-05-30,2024-07-05,Completed
1105,Natalie Ross,Leadership Skills,2024-07-05,2024-06-11,Ongoing
1106,Kirk Frederick,Advanced SQL,2024-06-30,2024-06-17,Ongoing
1107,Mrs. Casey Ibarra,Leadership Skills,2024-07-02,2024-06-09,Completed
1108,Michael Ryan,Advanced SQL,2024-02-21,2024-06-11,Completed
1109,Daniel Silva,Advanced SQL,2024-03-21,2024-06-21,Completed
1110,James Freeman,Cloud Computing,2024-02-17,2024-06-23,Ongoing
1111,Brittney Sullivan,Advanced SQL,2024-01-11,2024-06-13,Completed
1112,Brian Carrillo,Cloud Computing,2024-03-11,2024-07-02,Completed
1113,Denise Walker,Advanced SQL,2024-05-30,2024-07-03,Completed
1114,Drew Evans,Cloud Computing,2024-04-26,2024-07-02,Ongoing
1115,Michael Butler,Leadership Skills,2024-02-23,2024-06-28,Ongoing
1116,Jason Smith,Leadership Skills,2024-04-21,2024-07-03,Completed
1117,Jessica Newman,Cloud Computing,2024-02-11,2024-06-23,Ongoing
1118,Melissa Perkins,Advanced SQL,2024-02-08,2024-06-22,Completed
1119,Misty Love,Leadership Skills,2024-04-21,2024-06-18,Completed
1120,Dr. Jon Sanford DDS,Leadership Skills,2024-06-11,2024-07-01,Completed
1121,Mary Wells,Cloud Computing,2024-01-14,2024-06-25,Completed
1122,Mr. Terry Fisher,Advanced SQL,2024-03-21,2024-06-24,Ongoing
1123,Theresa King,Cloud Computing,2024-02-03,2024-07-04,Ongoing
1124,Joel Riley,Leadership Skills,2024-04-09,2024-06-08,Completed
1125,Wendy Thomas,Cloud Computing,2024-01-23,2024-06-25,Completed
1126,Ashley Sullivan,Leadership Skills,2024-02-10,2024-07-06,Completed
1127,Thomas Lloyd,Cloud Computing,2024-06-22,2024-07-01,Ongoing
1128,Ryan Rogers,Cloud Computing,2024-04-17,2024-07-08,Ongoing
1129,Matthew Perez,Cloud Computing,2024-06-02,2024-07-02,Ongoing
1130,Nicole Wilson,Cloud Computing,2024-06-21,2024-06-15,Ongoing
1131,Lindsey Gallagher,Cloud Computing,2024-01-15,2024-06-17,Completed
1132,Patrick Fisher,Cloud Computing,2024-04-28,2024-07-05,Completed
1133,Thomas Wright,Advanced SQL,2024-05-20,2024-06-27,Completed
1134,Robyn Thompson,Advanced SQL,2024-02-04,2024-06-21,Ongoing
1135,Desiree Marks,Cloud Computing,2024-03-21,2024-06-23,Completed
1136,Yvonne Garcia,Leadership Skills,2024-01-11,2024-07-05,Completed
1137,Michele Mack,Leadership Skills,2024-03-04,2024-07-01,Ongoing
1138,Mr. Michael Avila,Advanced SQL,2024-04-02,2024-06-30,Completed
1139,Gregory Jones,Advanced SQL,2024-03-16,2024-06-11,Ongoing
1140,Dr. Dorothy Gutierrez DVM,Leadership Skills,2024-02-21,2024-06-10,Completed
1141,Laura Bishop,Advanced SQL,2024-03-11,2024-06-25,Ongoing
1142,Jacob Howe,Leadership Skills,2024-02-14,2024-06-09,Ongoing
1143,Kevin Castaneda,Cloud Computing,2024-05-08,2024-06-08,Ongoing
1144,Kayla Cohen,Leadership Skills,2024-01-11,2024-06-13,Completed
1145,Adrian Mckenzie,Leadership Skills,2024-05-08,2024-06-13,Ongoing
1146,Christopher Nelson,Advanced SQL,2024-01-17,2024-06-18,Ongoing
1147,Lisa Watson,Cloud Computing,2024-06-22,2024-07-01,Completed
1148,Jose Wilcox DDS,Leadership Skills,2024-05-25,2024-06-22,Completed
1149,Russell Carroll,Cloud Computing,2024-02-11,2024-07-02,Ongoing
1150,Kimberly Newman,Advanced SQL,2024-03-16,2024-06-30,Ongoing
1151,James Jones,Leadership Skills,2024-03-14,2024-06-28,Ongoing
1152,Patrick Glass,Advanced SQL,2024-04-23,2024-06-13,Ongoing
1153,Ryan Serrano,Advanced SQL,2024-05-16,2024-06-09,Ongoing
1154,Gregory Garcia,Advanced SQL,2024-03-18,2024-06-23,Ongoing
1155,Charles Gates,Cloud Computing,2024-05-24,2024-06-28,Ongoing
1156,Connie Dixon,Cloud Computing,2024-05-26,2024-07-08,Ongoing
1157,Michael Sanchez,Leadership Skills,2024-03-11,2024-06-11,Completed
1158,David Chavez,Advanced SQL,2024-07-08,2024-06-27,Ongoing
1159,Jason Shaffer,Advanced SQL,2024-06-06,2024-06-27,Completed
1160,Richard Duran,Cloud Computing,2024-04-19,2024-06-19,Completed
1161,Steven Cox,Cloud Computing,2024-01-10,2024-06-11,Completed
1162,Jason Kent,Cloud Computing,2024-03-11,2024-06-24,Completed
1163,Angela Kim,Cloud Computing,2024-02-03,2024-06-15,Completed
1164,Emily Brock,Leadership Skills,2024-02-28,2024-07-01,Completed
1165,Kristy Franklin,Advanced SQL,2024-03-10,2024-07-01,Completed
1166,Ralph Russell,Leadership Skills,2024-02-09,2024-07-02,Completed
1167,James Freeman,Advanced SQL,2024-02-01,2024-07-06,Ongoing
1168,Alicia Johnson,Advanced SQL,2024-02-16,2024-06-18,Ongoing
1169,Craig Brooks,Leadership Skills,2024-07-04,2024-06-29,Ongoing
1170,Michelle Smith,Advanced SQL,2024-02-14,2024-06-19,Completed
1171,Derek Marquez,Cloud Computing,2024-01-29,2024-06-17,Ongoing
1172,Dana Brown,Cloud Computing,2024-01-25,2024-07-06,Ongoing
1173,Wendy Clark,Advanced SQL,2024-05-06,2024-07-06,Completed
1174,Paul Bailey,Leadership Skills,2024-06-19,2024-06-20,Completed
1175,Tara Jacobs DDS,Leadership Skills,2024-05-19,2024-06-25,Ongoing
1176,Jacob Turner,Advanced SQL,2024-02-01,2024-07-08,Completed
1177,Mary Wells,Advanced SQL,2024-01-20,2024-07-05,Completed
1178,Michael Bean,Leadership Skills,2024-06-27,2024-06-15,Ongoing
1179,Jill Gilbert,Leadership Skills,2024-04-07,2024-06-13,Completed
1180,Daniel Silva,Cloud Computing,2024-06-05,2024-06-21,Ongoing
1181,Jennifer Pace,Advanced SQL,2024-04-18,2024-06-08,Ongoing
1182,Michael Blair,Cloud Computing,2024-04-16,2024-06-29,Ongoing
1183,Megan Mclaughlin,Leadership Skills,2024-01-31,2024-06-24,Completed
1184,Dwayne Anderson,Leadership Skills,2024-05-17,2024-06-22,Ongoing
1185,Stephen Sanchez,Cloud Computing,2024-06-22,2024-07-05,Completed
1186,Heidi Taylor,Cloud Computing,2024-03-09,2024-06-21,Completed
1187,Joanna Franklin,Cloud Computing,2024-05-21,2024-06-26,Ongoing
1188,Vanessa Lee,Cloud Computing,2024-03-10,2024-07-02,Completed
1189,Lisa Sloan,Cloud Computing,2024-03-28,2024-06-18,Completed
1190,Kim Douglas,Leadership Skills,2024-01-25,2024-06-15,Completed
1191,Jerry Arnold,Advanced SQL,2024-04-08,2024-06-23,Completed
1192,David Moore,Cloud Computing,2024-02-28,2024-06-13,Completed
1193,Warren Oneal,Cloud Computing,2024-06-21,2024-07-07,Completed
1194,Jasmine Mcfarland,Advanced SQL,2024-06-20,2024-06-09,Completed
1195,Denise Robinson,Leadership Skills,2024-06-26,2024-06-27,Completed
1196,Kayla Rasmussen MD,Advanced SQL,2024-04-01,2024-07-08,Completed
1197,Susan Anderson,Leadership Skills,2024-03-03,2024-07-05,Completed
1198,Lauren Schneider,Leadership Skills,2024-07-05,2024-07-06,Completed
1199,Mr. Michael Avila,Cloud Computing,2024-03-30,2024-06-09,Ongoing
1200,Brian Lewis,Advanced SQL,2024-03-26,2024-06-22,Ongoing
